0.00296608692020239,0.000498649023598746,0.00296608691932886
3.6461510004065e-05,2.63275193119693e-05,3.33368571231067e-05
0.000259380068324845,0.000116686989383331,0.000259186142065163
0.000117440190490794,5.31905485505697e-05,0.00011514095997463
5.82726241598647e-05,4.13021277794565e-05,5.62876103803921e-05
0.00443444760823534,0.000295261366232797,0.00443273893261318
8.87367371574705e-05,3.37588056302885e-05,8.8736736320675e-05
3.69951631546301e-05,2.60493086380954e-05,3.68104906070346e-05
0.000167868152181893,5.72906279607688e-05,0.000167862317289318
0.000497642392704025,8.64161615367839e-05,0.000497642392669845
0.00034983481424247,8.83514850038801e-05,0.000349834814155735
0.000710230925311569,6.05163216508595e-05,0.000710228350511208
0.000290189019481514,7.85473618955596e-05,0.000290189019468791
0.000155155172213823,6.13541941717163e-05,0.000155155171068061
0.000187267135447717,9.40401207399851e-05,0.00018726713533688
0.000155996221606022,4.76864253548681e-05,0.000155993220457941
8.88402963039861e-05,1.58249158227752e-05,8.88402963019594e-05
0.000114662091643925,2.1510044083453e-05,0.000114662091637767
0.000179040182300706,3.27864661818307e-05,0.000179040182299192
0.00044724393437755,4.3573010938516e-05,0.000447243879526347
4.43427949453397e-06,1.98781375098299e-06,4.43427949453397e-06
6.03177196216913e-05,1.67793041196694e-05,6.03177196216913e-05
0.000472288875266342,0.000152769711207732,0.00047158088075544
8.47332553085496e-05,4.68830384691512e-05,8.45916361968568e-05
0.000848587093272196,7.22881468433501e-05,0.000848587093271505
0.00272815246894012,0.000397193444050636,0.00272815246892962
0.000863075725156218,0.00011050695553546,0.0008630757250323
2.59225424311125e-07,1.31735614158822e-07,2.59179047364935e-07
0.000102652459311672,2.01999053816683e-05,0.000102652458968889
0.000117818506420734,5.4646503197202e-05,0.000117816804025612
2.14642377632385e-05,1.27351778524338e-05,2.14639859512353e-05
0.00102085855429273,4.15458009066778e-05,0.00102085855429227
0.000235481211118396,4.692509319438e-05,0.00023548121111639
0.000947662900883389,0.000146600138288257,0.00094766289259486
0.000343881449415549,6.22226505243356e-05,0.000343881449373525
0.000700028434451934,0.000137301914232327,0.00070002843444813
0.000352513859668293,2.89641381594878e-05,0.000352513859668293
0.000853546695692765,0.000171188524705045,0.00085354669563437
0.000438965122208805,0.000132121164868569,0.000438965122187806
0.000692308320654695,3.02482493565296e-06,0.000692308320654636
0.000245745485382915,4.4168682047931e-06,0.000245745485382914
0.00092439205919013,5.4060210310222e-05,0.000924392059189018
1.93426471243393e-05,8.46380723004016e-06,1.93403317380512e-05
0.000387383821089717,9.49460799857317e-06,0.000387383821089717
0,0,0
0.00281633288249823,0.000626689090787897,0.00281633288193616
0.000187774238436105,7.70987195878292e-05,0.000180408094101444
0.00446230074961802,0.00171678659616573,0.00426607473308101
0.0105270884926105,0.00638174302825314,0.00746279481313347
0.000547918712779546,0.000441216154947388,0.000252396563332317
0.0047624100018583,0.000432987990699806,0.0047624100011958
4.46486249942105e-05,1.79341907496365e-05,4.46484368145954e-05
0.00026235011222515,0.000149498684988802,0.000248654327646471
0.000234699471976578,9.55224724950913e-05,0.000234190086452958
0.000385967836151321,0.000131896517876129,0.000382810876656762
0.000279309201543572,0.000115393481868464,0.00027858470747878
0.0002496996120575,2.83052946209187e-05,0.000249686904179118
0.000232924390736937,9.17756793147897e-05,0.000232909059848438
0.000347051733394439,0.000199996325113926,0.000332739309485517
0.00149894615300835,0.000576433729339452,0.00148970930394931
0.000638895636930062,0.000276240675802031,0.000629590736326182
0.000115695278916468,3.45026963374958e-05,0.000115694635137213
9.86145520439929e-05,3.58289520831574e-05,9.86145174279985e-05
0.000197571419396821,5.69374847434481e-05,0.000197571144223377
0.000133195344212498,1.44857394716989e-05,0.000133195344190205
0.000296342427790341,6.2818935735438e-05,0.000296342425505473
0.000561067915796981,0.000172094975060119,0.000561067915796981
0.00142338577647435,0.000742747614729459,0.00139204363108843
0.000955171323875136,0.000523141220517911,0.000808588845468061
0.0132769721560081,0.0039893217393557,0.0126272015757955
0.010735130922353,0.0010266757045223,0.0107351309219466
0.00183972541370392,0.000594732578048938,0.0018316256711239
0.000447806597121686,0.00029965628767303,0.00032110039258093
0.000433669445460416,0.000118109362580326,0.000429147311351999
0.00147808687407907,0.000421533485330843,0.00147567070393399
0.000247378832730014,0.00014637388859239,0.000233804252465048
0.0027125365553655,0.000168707935907897,0.0027125365551346
0.000446095403813165,0.000139148015990127,0.000446095403803374
0.00128442218247167,0.000570480119198046,0.00127281422724822
0.0020992327217397,0.000731708676333143,0.0020967673745858
0.00852835943639304,0.00161069855544917,0.0085283594256568
0.00689035611756404,0.000523014407564173,0.00689035611756076
0.00653721470676991,0.00148723606212916,0.00653721470582622
0.00525178902011633,0.00139898923340868,0.00525178742906359
0.00590536306862962,0.000248515242109506,0.00590536306797973
0.00287491249630773,4.50426586335302e-05,0.00287491249630769
0.00413495597185142,4.73598414808985e-05,0.00413495597185134
0.000505360075047509,7.24512996634148e-05,0.00050535941617912
0.00142748267734725,0.000123752959669762,0.00142748267734724
0,0,0
0.000436015093019697,8.59299344103368e-05,0.000436015093018501
1.0858214286615e-06,5.13514573057369e-07,1.0858214286615e-06
9.71021767984214e-06,6.58540228036609e-06,9.70257681206549e-06
3.13609959819269e-05,1.71982090313605e-05,3.12116572307253e-05
1.87061564094771e-06,1.33797367892541e-06,1.65714395788194e-06
0.00122182835666103,0.000127376067853464,0.00122182835664007
2.69607431869888e-05,9.76161843316119e-06,2.69601027449955e-05
0.000248660655363398,0.000105290652518928,0.000245686712272593
0.000232190475193049,9.47145565367216e-05,0.000231744010803812
0.000100511086311255,2.93505473181797e-05,0.000100292700577208
0.000406059614993175,0.000151315523652866,0.000406043938975033
8.04081973940761e-05,2.70845065395747e-05,8.03947203130365e-05
0.000179456235422478,6.53266526664856e-05,0.000179442379621928
0.000182484146148524,7.00110583166145e-05,0.000182453095458628
0.000614333592702898,0.000207074830366303,0.000614332374419329
0.000507281670539662,0.000177284923842073,0.000507111193592893
0.000175770398678924,6.0294915273854e-05,0.000175764329646391
0.00035173810988779,0.00010767386774112,0.000351405075974187
0.000976408383137118,0.000183602356395285,0.000976353301622555
0.000548025630454364,9.62334934108666e-05,0.000548023716005193
0.000125014237696164,3.08624288133283e-05,0.000125007888202537
0.000450417245680926,8.24305538475814e-05,0.000450416829117213
0.000608148080180724,0.000394695189813145,0.000602790870602258
0.000175803739775046,0.000127421344007148,0.000165238024728346
0.00191616488103239,0.000392881982346969,0.00191616488078364
0.00330584885929707,0.000476734915847975,0.00330584885917031
0.000528552145682124,0.000152166230952975,0.000528533224228771
7.88574653357654e-07,2.85141977662186e-07,7.88487159040908e-07
8.35887619511235e-05,1.07548290964934e-05,8.35815074408763e-05
0.000358363874229612,0.000124432441926908,0.000358295734761603
6.14016483462271e-05,4.34653429343752e-05,5.97562189261689e-05
0.000853610882976292,4.53213735952603e-05,0.000853610882972659
0.000139235698143775,4.10453223565476e-05,0.000139235698134469
0.000103791045695617,5.54905506249976e-05,0.000102659795957345
0.000580967448282974,0.000143251185202039,0.00058096542151702
0.00079463090096182,0.000282235430735623,0.000794630900919473
0.00132896130838323,0.000226556374713588,0.00132896130838295
0.00156059810279013,0.000411293952038274,0.00156059782947752
0.000534028165290666,0.000240896298158458,0.000534028165182865
0.000711318757155918,3.17387576085037e-05,0.00071131875712704
0.000193238252398493,1.37433681204997e-05,0.000193238252398393
0.00094695936925406,1.45333042995948e-05,0.000946959369253562
3.27766047598952e-05,1.13229104342893e-05,3.27738093891486e-05
0.000106811926810593,1.45020177182206e-05,0.000106811926810593
0,0,0
0.000475906181797333,0.000112370161249853,0.000475906181795415
1.20636219289673e-06,5.85456462610389e-07,1.18066527957846e-06
0,0,0
1.39134911953229e-05,8.95495180952988e-06,1.38934515550546e-05
1.9547046352378e-08,1.9547046352378e-08,1.95451554324496e-08
0.00204898765926689,0.000297234212720833,0.00204898765918293
7.6636956098398e-05,2.40191400706336e-05,7.66366898554815e-05
9.45046836578578e-05,4.60979919624785e-05,9.34766053409311e-05
0.000187245064002719,6.97986465516794e-05,0.000187219332513472
0.000579118520619632,0.000188322020112676,0.000573458818656783
0.001030689254263,0.000378637306391956,0.00103058374007719
0.000932342587769336,0.000188413743405626,0.000931998143139737
0.000216531529566351,9.79024373535327e-05,0.000216135141385167
0.000195820444650964,9.64672460606869e-05,0.000195351388512097
0.00097649696738809,0.000289491329207765,0.000976493672237174
0.000432861710442258,0.000118406761829275,0.00043284295599784
7.16473906590023e-05,2.0122286122274e-05,7.16472872710916e-05
6.8098873426264e-05,2.22250809495978e-05,6.80985917735447e-05
0.000201453473534012,6.49738624093928e-05,0.000201427470769603
0.000417029394805666,6.11195611398759e-05,0.00041702932986041
0.000100079649916134,9.57155687668952e-06,0.000100079649911829
0.000454063553732266,7.8454338172668e-05,0.000454063553732266
0.000427775817212133,0.000124038887185811,0.00042772069953743
0.000238401046400534,0.000157846900080603,0.000217528552270957
0.00221198428699485,0.000542661375950134,0.00221198428658185
0.00522440826531232,0.000647626596286011,0.00522440826517828
0.000681687598466694,0.000214084786923352,0.000681433543391735
5.07921753339318e-05,1.93709853352716e-05,5.01915837992748e-05
0.000102715345884989,1.88403931495402e-05,0.000102474933501646
0.000981173915511852,0.000345742140674197,0.000974888239451554
0.000112396745929964,6.57310280721451e-05,0.000111872858794522
0.00059535607755908,5.03417026482274e-05,0.000595293745365291
0.000169124208769859,5.33067975455062e-05,0.000169124196694531
0.00022167317298238,0.00010548163146375,0.000218955003083187
0.0006060194475176,0.000239994585941808,0.000605996838002141
0.00157406491322744,0.000568420723621816,0.00157406474700833
0.000988190801655081,0.000184512707228419,0.000988190801655006
0.00461193780502535,0.00106345922567535,0.00461193779990539
0.00134021716210024,0.000475669081809853,0.00134021680928316
0.00137076643406889,3.02312379550333e-05,0.00137076643404431
0.000186211113898115,2.89905348516768e-05,0.00018621111363941
0.00166639666503214,5.23780865913157e-05,0.0016663966650311
0.000146372694461356,2.29655532441605e-05,0.000146372694460573
0.000224227430702766,6.48518516525323e-05,0.000224227430702058
0,0,0
0.00171342509697926,0.000386883781638542,0.00171342509697675
9.70278280037431e-05,5.9606624074815e-05,9.69840270979523e-05
5.66143443599264e-05,4.49188940145445e-05,5.66143434668499e-05
3.28908071919574e-06,2.92265106132426e-06,3.27143163370817e-06
1.11040545283302e-06,9.59564449476755e-07,1.03655948707091e-06
0.00271905007016773,0.000163003850504086,0.00271905007016654
0.00679989824236726,0.000228464846947018,0.00679989824235108
8.53022611844319e-05,3.57303672952204e-05,8.53022611843382e-05
0.000151708274870866,6.8742635158062e-05,0.000151708274870832
0.00149280138850845,0.00016637807856627,0.00149280138850508
0.000565199550649245,0.000120931700458101,0.000565199550643657
4.25426932862333e-05,1.39076923981404e-05,4.25423707361698e-05
0.000232941688330266,5.71698779099135e-05,0.000232941688329881
0.000290843139696066,7.37294202928525e-05,0.000290843139696006
0.000303996893134891,9.73829976164477e-05,0.00030399689313414
0.000175771886111441,3.86012922000563e-05,0.000175771886111433
0.000124700067413466,1.32088579842202e-05,0.000124700067413188
0.000169843972648366,2.22207633459893e-05,0.000169843972647971
0.000205639222546653,1.51328555743707e-05,0.000205639222546647
0.000251609084702117,1.58243536536218e-05,0.000251609084702113
1.98632475549748e-05,2.63578611601043e-06,1.9863247547955e-05
0.000371383239103685,3.10364118701408e-05,0.000371383239103685
0.000135615607110798,5.2894474659018e-05,0.000135615607109308
8.64988097577068e-05,7.29832310955647e-05,8.57377803487712e-05
0.00421623673053201,8.50060467299484e-05,0.00421623673052995
0.00253639792778192,0.000192362200152389,0.00253639792777734
0.000955709276559736,9.24317106756848e-05,0.000955709276555146
8.25984767436645e-05,3.00591459505488e-05,8.2453087502201e-05
0.000108076986218653,1.77742272101866e-05,0.000108076969410462
6.2321552950578e-05,3.8567303228053e-05,6.2313216359795e-05
9.59123167872581e-06,6.62264337007264e-06,9.59123167872581e-06
0.00114447468683344,1.86487676517876e-05,0.00114447468683321
0.000124059429448945,2.0147479082044e-05,0.000124059429448832
0.000203357931460636,4.1526637276255e-05,0.00020335793145772
1.82132668539557e-05,8.54531419968259e-06,1.82105352932418e-05
0.000198816629115672,9.23321470601568e-05,0.000198816629115327
0.000983137784140341,4.36404074192238e-05,0.000983137784140306
0.000261192845124331,8.80416193865157e-05,0.000261192845071958
0.000119398397344156,7.23748646007211e-05,0.00011939810035184
0.0019898452844303,3.02748526958069e-05,0.00198984528442934
0.000274893188159245,1.12188166966021e-05,0.000274893188159243
0.000701770929399207,1.93317344616527e-05,0.000701770929399193
4.43519758880337e-05,8.85538033969421e-06,4.43490108682779e-05
0.000505718942888003,1.53577997521897e-05,0.000505718942888003
0,0,0
0.000140584170002952,4.50317396047568e-05,0.000140584170000732
7.03717627668677e-07,3.84459439707917e-07,7.012772191839e-07
6.63530468140064e-06,4.88493281074809e-06,6.63530087027902e-06
2.7072058279965e-05,1.58978531338011e-05,2.70054938574182e-05
7.04479958640112e-07,5.2360039951305e-07,6.84321479662454e-07
0.000317348984458472,2.45969080017777e-05,0.000317348984457796
3.50469656333214e-05,9.84402723746997e-06,3.50469650530804e-05
1.01292871047422e-05,4.26494870560875e-06,1.01236787125103e-05
2.39291954818073e-05,9.90040123328691e-06,2.39291950832418e-05
9.86592833736015e-05,2.76963990116893e-05,9.8659275166122e-05
4.19401759066799e-05,1.48010552262187e-05,4.1940175556012e-05
1.05617388680525e-05,2.27372005345728e-06,1.05614367748104e-05
3.68930827310405e-05,1.87688434310497e-05,3.68824604819777e-05
6.14654528148906e-05,2.34499787320455e-05,6.14636196282315e-05
0.000295019005376796,7.25653287820208e-05,0.000295019003772127
4.81244668141987e-05,1.78072001999537e-05,4.81241428004076e-05
1.0476479275182e-05,2.91844540594341e-06,1.0476471832496e-05
5.41253984459648e-05,1.28925006167198e-05,5.41253841495495e-05
3.9868991157036e-05,6.58780962459533e-06,3.98689911552539e-05
5.41462527985123e-05,5.68282246276038e-06,5.41462527985103e-05
1.22166007025412e-05,3.67197762446075e-06,1.2216600686576e-05
3.91767740509631e-05,1.14976785760284e-05,3.91767740509631e-05
8.15381660285556e-05,3.19072899030863e-05,8.15354456143948e-05
1.89402008253143e-05,6.76790138547418e-06,1.89381946662552e-05
0.00059003745707742,6.98367098593642e-05,0.000590014611160698
0.000712266664172577,9.90018462830447e-05,0.000712266664170405
0.000300512740412767,4.35081197615241e-05,0.000300512740399831
8.04167877711736e-07,1.98511609202748e-07,8.04144642941605e-07
1.63146175588703e-05,9.13647754435012e-07,1.63146175531788e-05
0.000156014311529183,2.22974726128839e-05,0.00015601431151779
9.86492746920297e-06,3.86303094999793e-06,9.86491336534111e-06
8.31296562916384e-05,1.80454773618299e-06,8.31296562916362e-05
1.43139983638533e-05,4.05349405634928e-06,1.43139983635408e-05
2.95412989944018e-05,9.3704327082316e-06,2.95412985616526e-05
0.000103621093826847,4.75103761419237e-05,0.000103621093768603
0.000125499251230356,4.96064040573552e-05,0.000125499251229876
0.000187034399945699,2.54612709935684e-05,0.000187034399945699
0.000132341261340767,4.18962520947979e-05,0.000132341261338453
0.00013157561822202,2.32763364352845e-05,0.000131575618220086
0.000152132223809162,4.45397578604094e-06,0.000152132223809155
2.2679737701527e-05,4.31086869550509e-06,2.2679737701527e-05
0.000124555484833589,7.67422253078223e-06,0.000124555484833589
4.31523800108248e-05,6.54958168914019e-06,4.31522369831107e-05
2.69031791339772e-05,6.12561545208311e-06,2.69031791339772e-05
0,0,0
0.000305735356079981,7.50740331229401e-05,0.000305735356079332
7.69169486575795e-07,4.87912026854954e-07,7.69136864162036e-07
8.98504601217999e-06,5.26991766038127e-06,8.98443055154189e-06
3.866613122736e-06,2.71776453631023e-06,3.86328073617887e-06
1.36438184447353e-06,1.14931200126784e-06,1.33145581065963e-06
0.000735150246614554,6.32040510457776e-05,0.000735150246606685
6.28308546764024e-05,1.95066197704253e-05,6.28308546727282e-05
5.0531081152741e-05,1.84737673841668e-05,5.03614720734178e-05
4.03973001623358e-05,1.98360963341544e-05,4.03972873412652e-05
0.000168517465331902,6.65213843141285e-05,0.000167935371421004
0.000212196543958841,5.98657836848496e-05,0.000212192856162806
9.92690881409677e-06,3.72358237674912e-06,9.92658122298604e-06
4.47474270719313e-05,1.70905622167414e-05,4.47474176694069e-05
4.10392115070827e-05,1.97877969397542e-05,4.10326065088847e-05
8.47415740123304e-05,2.97009776531089e-05,8.47415612445307e-05
3.28227314464963e-05,1.21780423228337e-05,3.28223392602893e-05
1.78974893680987e-05,5.01677651847262e-06,1.78974841685185e-05
3.23465043503511e-05,9.85945396831518e-06,3.2345741167742e-05
5.7400637261774e-05,1.54052954405773e-05,5.74005991399647e-05
3.81434902426924e-05,1.17761189033517e-05,3.81434494536672e-05
7.41280063271068e-06,2.2705051132545e-06,7.41280060471448e-06
3.3265258411884e-05,8.1888061567244e-06,3.3265258411884e-05
0.000100278644867027,3.92952583739551e-05,0.000100273263397736
5.75459231527973e-06,2.27128571687995e-06,5.75300086661131e-06
0.000128981677687465,1.25366497250738e-05,0.000128981677687383
0.000120209686210265,4.43470805785426e-05,0.000120209686209648
4.91460655505469e-05,1.67663533896972e-05,4.91460637524178e-05
5.07515154719839e-05,1.93981331059207e-05,4.87199998344675e-05
4.08953353758095e-05,9.69110562264803e-06,4.08816880568742e-05
1.00962689831488e-05,5.830289150037e-06,1.00958532492507e-05
1.32584182681512e-06,9.97046074026978e-07,1.32421217836718e-06
8.74354513577141e-05,3.78597951487444e-06,8.743545135767e-05
1.1480545940275e-05,3.24854021539566e-06,1.14805458018468e-05
2.10842826627111e-05,5.85361337434656e-06,2.10817742509142e-05
1.1664573403637e-05,6.52931962864545e-06,1.16631959108852e-05
2.91322381656532e-05,1.51352024803095e-05,2.91322381655707e-05
1.74112975342323e-05,6.58470064048938e-06,1.74112975342323e-05
4.03535862576018e-05,1.68012887270552e-05,4.03535861621746e-05
1.46848791972961e-05,1.0402087697659e-05,1.46833616387035e-05
0.00036161607869421,6.38709268955476e-07,0.00036161607869411
9.38073630334464e-06,2.34786240111715e-07,9.38073630334462e-06
4.25815742011156e-05,4.8285124607224e-07,4.25815742011156e-05
4.95277464509124e-06,6.63151433116931e-07,4.95244318352283e-06
2.31148861293237e-05,1.57249390699492e-06,2.31148861293237e-05
0,0,0
0.00526792301500557,0.00127037678823176,0.00526784743033689
2.34244338458878e-05,1.81094866056942e-05,2.13951654560945e-05
0.0015233887082947,0.00052982156019148,0.00151780572238498
0.00176693675841225,0.000818568204930194,0.00159882749980166
7.66650868116221e-05,6.79007851954287e-05,4.30669891398713e-05
0.00929831644728139,0.000808507505782643,0.00929831644519579
0.000584867447763919,0.000122988129438675,0.000584867447648996
0.000120332986356354,8.29823883903557e-05,0.000115848597193879
0.000724671875406136,0.000318513838369439,0.000710145931094416
0.00340685872394155,0.00106426605229466,0.00339695922637195
0.00384714220442558,0.000846157971472367,0.00384695957270338
0.000213248534856118,5.89666702051055e-05,0.000212964570565485
0.000745556293132617,0.000294865083243632,0.000744820104335336
0.00050830767407226,0.000222636642655617,0.000508125979178746
0.00239050875881205,0.000561661202667976,0.00239048511011682
0.00058249323559301,0.000251950869622786,0.000580667398953832
0.000540683138227838,0.000118198111883704,0.000540683137315096
0.000447086103300948,0.000127975789873431,0.000447071282193758
0.00083101380790695,0.000178204617062102,0.000830907023397688
0.00272292203894495,0.000374961669004524,0.00272284307754319
0.00011645512708195,2.48122060193256e-05,0.000116417320794958
0.00148269483872921,0.000234525529750168,0.00148269483872921
0.00117745855092454,0.000727031885713782,0.00114967913856393
0.000438109223847625,0.000241935437935563,0.000413577342444387
0.00337194116253724,0.000292606614055202,0.00337194116244038
0.00838987281882402,0.00108109508495772,0.00838987281855905
0.00364587525034882,0.000945035835444966,0.00364303246097685
9.49305140027951e-05,5.30352586834076e-05,8.94992585038859e-05
0.000289865834051829,9.91545845609713e-05,0.000286923245597007
0.000616955209527643,0.000254257075458074,0.000605628471591627
0.000140450100363356,0.000100441113364479,0.000131014294709603
0.00336922041624802,0.000218253770503188,0.00336922041603606
0.000483551182536946,0.000121117495173686,0.000483551182531674
0.000823918729049622,0.000245098718231133,0.000823364569364043
0.00075707387917798,0.000283821493819895,0.000757073826497659
0.00756510801513948,0.000945614869504939,0.00756510801491453
0.000829644589018159,0.000359177314162814,0.000829644589016491
0.00280816263780667,0.000960359893998392,0.00280816141667631
0.00232304785574774,0.00089601758658343,0.00232222924447433
0.00410623238809887,4.28264122046815e-05,0.00410623238803547
0.000908781275715212,5.47397580802359e-05,0.000908781275714469
0.00347928357252277,8.25634926605358e-05,0.00347928357252277
0.000126889674708436,2.22841934142393e-05,0.000126838636054907
0.00146050135826785,8.78737587807807e-05,0.00146050135826785
0,0,0
1.86951835964281e-06,8.11937796596068e-07,1.86951835964281e-06
2.21953206605321e-08,2.21953206605321e-08,2.21953206605321e-08
0.000204337229272265,7.14434449733322e-05,0.000204337229233031
7.22637653128929e-05,2.20485899788713e-05,7.22637653126085e-05
5.41809421825825e-06,2.11406114953891e-06,4.67899104120155e-06
4.76500668334213e-07,3.39772963444402e-07,4.76498279451062e-07
5.84680756567223e-07,2.37861578066636e-07,5.84680756567223e-07
1.78228173719879e-08,0,1.78228173719879e-08
1.23161219602545e-07,0,1.23161219602545e-07
0.000137458585879918,2.94358105898941e-05,0.000137458585840325
2.40025591280972e-06,1.47969768305673e-06,2.39900131747219e-06
0,0,0
2.78912171618168e-07,7.41444906596413e-08,2.78912171618168e-07
1.0249636008189e-06,2.95084642847255e-07,1.02495906047112e-06
1.57580869055992e-07,0,1.57580869055992e-07
3.35483022830549e-07,1.95379981470008e-07,3.35479786223261e-07
3.57132302243472e-08,0,3.57132302243472e-08
1.59107224392982e-07,4.95475158558638e-08,1.59107219378215e-07
3.09293282889998e-08,0,3.09293282889998e-08
0,0,0
1.21600969356045e-07,5.9655934842807e-08,1.21584929070233e-07
0,0,0
4.24121248639374e-06,1.1779978098539e-06,4.24121248639244e-06
2.78934452038668e-07,1.91207967414056e-07,2.77488191496517e-07
6.65317370171327e-05,1.02560717890265e-06,6.65317370171313e-05
5.26647689633372e-05,6.80010210993795e-06,5.26647689633235e-05
1.33632278026519e-06,2.90522069045163e-08,1.33632277968309e-06
5.21553256044707e-06,1.93229034943451e-06,5.21552724348743e-06
8.55438898221107e-06,2.15449241312959e-06,8.5543889663147e-06
5.18830174997658e-07,3.17888328683936e-07,5.1882582887622e-07
4.071929431073e-08,2.84319618315303e-08,4.071929431073e-08
4.99900244571947e-06,1.44462397730975e-06,4.99900244571947e-06
1.06647751720679e-07,7.41954902585455e-08,1.06647751720679e-07
1.18381647027303e-05,3.09942077813536e-06,1.183816470273e-05
6.85948670773099e-07,7.91603262642261e-08,6.85948670771325e-07
1.74527301072887e-05,4.02435183990301e-06,1.74527301072886e-05
3.56268804094763e-06,2.98891124352945e-07,3.56268804094763e-06
1.12581209990405e-05,2.94885714203846e-06,1.12581209990405e-05
2.72924782185744e-05,2.17572163847046e-06,2.72924782185744e-05
8.02798720864787e-05,2.93780833206019e-06,8.02798720864783e-05
1.80380619019794e-05,1.45677017643084e-06,1.80380619019794e-05
8.26420571974844e-06,1.01821000972014e-06,8.26420571974844e-06
3.25355663362201e-08,3.25355663362201e-08,3.25355663362201e-08
6.77351563384848e-08,4.5869804136629e-08,6.77351563384848e-08
0,0,0
0.00287524193843103,0.000811934903595762,0.00286925625891476
8.67090796360894e-05,5.45422912283201e-05,7.92257042543916e-05
0.00371625121430142,0.00104371576138464,0.00371239948792566
0.000823132283156832,0.000652861414110509,0.000626844546953866
0.000407504758690162,0.000323542397128992,0.000260397903384677
0.00463291434707284,0.0005471653375125,0.00463281111158554
5.02767336496144e-05,2.15554986644295e-05,5.02766244533682e-05
0.00082086975667349,0.000398889592662306,0.000784285730252661
0.000756194949970262,0.000342390193279178,0.00074049284971319
0.00111961597927938,0.000374138567656051,0.00111042776281279
0.000711864460575053,0.000381910709525514,0.000709901700996079
0.000196635625042058,6.75358968153733e-05,0.0001966108102654
0.0006714980434695,0.000256576979986284,0.000669724768695649
0.000488931490912635,0.000227625916797765,0.000486898471902389
0.00182484218445828,0.000915152667526745,0.00177077786722803
0.000812580358930733,0.000356546369228898,0.000809436586181999
0.000219391357009197,9.14124061766108e-05,0.000219364796494849
0.000178259934546817,7.33740760101551e-05,0.000177562713456076
0.000578016384435476,0.000259015570284876,0.000571404140718097
0.00276665083045575,0.000319295493331426,0.00276645290240257
0.00136054905942233,0.000515446545721185,0.00119121435570699
0.000558219353190185,0.000201524281253995,0.000558206138912799
0.000654001338700169,0.000349129382520393,0.000645071090379142
0.000532211402717413,0.000267620458826636,0.000485913227077658
0.0117124836524232,0.000596547263835272,0.0117124836516416
0.0149971484122214,0.00145910936937186,0.0149971484110775
0.00323495658044034,0.000989989445669555,0.00323432143185993
8.25295688220335e-05,2.47047786337054e-05,8.05566054142826e-05
0.000118882492815065,3.49471757987114e-05,0.000117409044411185
0.00124911397045331,0.00041521298909638,0.00124090283330554
0.000287051210743303,0.000190145250364998,0.000275621915755698
0.00306746331124396,0.000183470847452873,0.00306746331111921
0.000918018563348578,0.000219386505598872,0.00091801475380097
0.000806645396491615,0.000378659050675354,0.000779313078249662
0.00203105949386314,0.000580848572568903,0.00203105877513436
0.00670494039207921,0.00180514170209254,0.00670494038265569
0.00907981616957008,0.000518620435604226,0.00907981616956631
0.00451711183586844,0.00122068491081669,0.00451710887173137
0.00323225046482442,0.000949710113763559,0.00323212160646104
0.0123824619661696,0.000276203181866988,0.0123822499803263
0.00229373422145802,7.50212745836712e-05,0.00229373422145028
0.00546532887843575,0.000403078373606535,0.00546532887841913
0.000400493300227417,5.90028871922561e-05,0.000400474586265944
0.00148220976170752,0.000134131629042754,0.0014822097617073
0,0,0
0.000321288217252104,9.87137481110972e-05,0.000321288217251972
3.21477107548521e-07,2.67113362372304e-07,3.20984002495386e-07
8.56638299376124e-05,3.45929526585647e-05,8.5663581536027e-05
2.74409846240247e-05,1.47142207629052e-05,2.7335851792846e-05
3.21815127364894e-07,3.21815127364894e-07,2.72061141761724e-07
0.00206140309277844,0.000253764327118686,0.00206140309273507
3.8674750068513e-05,1.72074620510026e-05,3.86712831242652e-05
0.000167952373216026,0.000102118658237912,0.0001657431240208
0.000187352385609719,6.91792781692677e-05,0.000187240891023058
8.83166152432361e-05,2.94186259991319e-05,8.83165990622441e-05
0.000937336858778952,0.000327241386064648,0.000936341095034266
0.00438951008367304,0.00108552030038082,0.00435106153995784
0.000212879724593222,8.50084205008414e-05,0.00021266528341489
0.000185041966483292,7.71473492862351e-05,0.000184712117233735
0.00050039567553059,0.000172290628325868,0.00050038009537932
0.000435573011289116,0.000219299220451063,0.000433529545442266
0.00348537257455817,0.000547487832787337,0.00348531934497761
0.000820915332539147,0.000186878013184806,0.00082064312773892
0.000942543063713165,0.000216450556482633,0.000941706905870921
1.50907564100811e-05,3.27804743956206e-06,1.50905611764363e-05
0.000121374385706919,3.66832481767417e-05,0.000120661367481696
0.000429563192786808,0.000101624929555029,0.000429563192786808
0.00197829434927848,0.000504162410570192,0.00197827707565319
0.000211242800421291,5.75855876538005e-05,0.000210321276924264
0.00245994471803085,0.000313671496230885,0.00245994471644439
0.00753146950063594,0.00156977581486529,0.00753146949857196
0.00116245242628574,0.00028049634301899,0.00116240798117594
0.00123007070980388,0.000296901646292177,0.00121383769447047
0.000250216570530863,6.26999401182462e-05,0.000247066781558605
0.000696494712346111,0.000262123497188472,0.000684914946308081
0.000111722247390397,7.30505851865165e-05,0.000107291682074705
0.000907316350292688,4.85214816533002e-05,0.000907316349984937
0.000253775620635668,6.45286542728795e-05,0.000253774296002746
0.000307123700271604,0.00014085574131772,0.000304540035466424
0.000541790182930723,0.000238282490720576,0.000541285968639156
0.00330181047712112,0.00107100493742047,0.00330177272295166
0.0016548225146372,0.000114771421789602,0.00165482251463674
0.00503248489508001,0.00117960496140384,0.00503248299058486
0.00150112756360397,0.000427759765041269,0.00150111704701192
0.00449884821254326,0.000311005341208235,0.00449884820819241
9.3048959578895e-05,1.43202637133752e-05,9.30489593396814e-05
0.00235840177341428,6.58583866608754e-05,0.00235840177339418
0.00125499750567944,9.12554892801657e-05,0.00125498170648871
0.000759448657036002,7.45548351560687e-05,0.000759448657035562
0,0,0
0.000577645107959237,0.000172034873993009,0.000577619268310039
0.000145600191943372,5.14948052814463e-05,0.000145599895866927
3.63586608091008e-06,2.56373937223985e-06,3.6282438155261e-06
0.00344404902288452,0.00254084691796911,0.00249697284181977
2.22127394261042e-06,2.10211422831852e-06,1.44267318059167e-06
0.0017818776730935,0.000166481595988796,0.00178187767298168
3.18142399738692e-05,6.50398332482957e-06,3.18142399430989e-05
0.000163351129667005,6.44274927525109e-05,0.000162290836422861
0.000219072577089663,7.91565141910205e-05,0.000218404424650539
0.000114872134388729,3.26301911163507e-05,0.000114853544938016
0.000184136602152963,6.36287265709046e-05,0.000184121135225293
3.14514236372801e-05,1.10311053262367e-05,3.14511354857241e-05
6.72486178645846e-05,2.70235955725734e-05,6.72444162903427e-05
8.82028342108455e-05,3.58478060220423e-05,8.80610144283992e-05
6.60988429990197e-05,2.80008151213576e-05,6.60982304030462e-05
8.70853393540894e-05,3.10701896443266e-05,8.70813019157098e-05
9.65539475860816e-06,1.24566464006913e-06,9.65539475725109e-06
1.52691890299429e-05,4.89799610543959e-06,1.52691812576971e-05
4.2516896624354e-05,1.4198861505359e-05,4.25165944984263e-05
0,0,0
1.69154858402238e-05,4.79755683033354e-06,1.69154858293618e-05
6.6269897471846e-05,1.81701809410045e-05,6.6269897471846e-05
0.000514589298447089,0.000175609442938168,0.000514522817693274
4.43211930594659e-05,2.43952373415336e-05,4.14154552012538e-05
0.00114321103882805,0.000128209957444151,0.00114321103881922
0.00229737626209165,0.000233291141760377,0.00229737626207763
0.00091180601615625,0.000126173218607697,0.000911806015074155
2.18819415476513e-05,5.93363683914859e-06,2.16678797435913e-05
0.000196122114739849,3.37736930044459e-05,0.000195854891153454
0.000177748837779653,5.9898826887312e-05,0.000177748216334073
7.16292990339681e-06,5.28556376401946e-06,7.1303236984772e-06
0.000694696550666508,2.44612160268358e-05,0.000694696550661593
6.77737334169842e-05,9.77244898371935e-06,6.77737334169466e-05
0.000349221820125269,4.5934150667556e-05,0.00034922182011726
0.000135710820924754,3.8462579352679e-05,0.00013571082091748
0.00044800211354579,0.000138469977572284,0.000448002113541379
0.00113730409995888,0.000102212314921591,0.00113730409995887
0.000573770075997018,0.000205186951590579,0.000573770075982135
0.000518127539684738,0.000176140569681084,0.00051812753965601
0.000385789054610453,1.15628425277132e-05,0.000385789054603546
0.000160736824086629,2.82691910493147e-06,0.000160736824086629
0.000250846384630455,1.11280676427344e-05,0.000250846384630455
2.1420346829196e-05,6.23141980351878e-06,2.1420346829196e-05
7.09817053943904e-05,9.9857374466461e-06,7.09817053943904e-05
0,0,0
0.114222645790133,0.0494472166941807,0.105329250591456
0.0340052997940813,0.0327439821665869,0.00826592150694998
0.0506653531410996,0.0466897188466487,0.0270238209363982
0.0596475977055173,0.0587170531788784,0.014747561289027
0.00908019901822801,0.0090548243969775,0.00127945118771287
0.117021606253693,0.0388577593568241,0.115834653300604
0.0534558102339155,0.0210543522222701,0.0482237102183128
0.00934898006215962,0.00753423200287501,0.00615767735359695
0.0261240733718126,0.0210028180372846,0.0162089050273585
0.100549223924445,0.096750792885101,0.0264558127810946
0.170569507473948,0.159982032985081,0.0744955622941967
0.0138666806439348,0.00393605117707617,0.0137237009206719
0.125263006041191,0.124391241846309,0.0243444682916357
0.213042932497584,0.210094249277151,0.0630803054349848
0.251052972493866,0.219666772584796,0.149086127086645
0.120285475522892,0.11135454227607,0.061222146993741
0.201696761082628,0.170776338551496,0.128603903492482
0.164409691201137,0.153172944695454,0.074769426655472
0.209185715256256,0.180972140560003,0.124308474486418
0.0555432930310624,0.0165621979916454,0.0520800359991196
0.0119063738375529,0.0076301135082258,0.00828360295607932
0.0160988821100377,0.0027706536954752,0.0158949101407732
0.130058990687929,0.111540077650456,0.0790667069408718
0.0633348578905226,0.0630519613928155,0.0082558796313671
0.367798329983332,0.00641136439181703,0.367798328191484
0.17413629527819,0.0237400871544886,0.174133042583196
0.122570927635774,0.0900216404271936,0.0943111794961131
0.060955166033946,0.0607848502592093,0.00711918161572654
0.0274642454293534,0.027341066327279,0.00341078995344607
0.0227596876974698,0.0218834283492332,0.00732873639700883
0.0141760296124707,0.0139830022487084,0.0029233873148922
0.0556569395442402,0.04361427148047,0.0336588362965776
0.00207905288098536,0.00046187969533983,0.00207854025363402
0.0310334087423003,0.0309145104519378,0.00625170018623626
0.00926618135925682,0.00535893953417573,0.00828941550251023
0.039443559025971,0.0347446464917499,0.0301029276048763
0.0337262855093976,0.00455559107863427,0.0337262817821954
0.143960287820768,0.016068477106429,0.14396020448838
0.00765534720598477,0.00670997963742886,0.00592360264955925
0.158185772873909,0.00348509096176249,0.158185771501148
0.0361218416134416,0.00034671951931259,0.0361218416111578
0.0229528332754948,0.000157059512158913,0.0229528332751994
0.000591536399627543,0.000309763539518271,0.000514110324510263
0.00197681608736507,0.00100548567456393,0.00192316938898561
0,0,0
0.000316490327269689,8.51695898217829e-05,0.00031649032726199
3.0203275209178e-06,1.08734967626214e-06,3.02026734699273e-06
6.4889176704715e-06,5.1145572288437e-06,6.48868772554457e-06
7.83269468058748e-05,2.19315540199392e-05,7.83228755899694e-05
1.7759947966286e-06,1.5079640056701e-06,1.75830057645733e-06
0.000369158346054495,3.02641465497731e-05,0.000369158346053966
4.42236002092333e-06,1.48233048273018e-06,4.4223600169777e-06
4.1634207085502e-06,1.54843790880872e-06,4.1626631574244e-06
9.15772652816772e-06,3.39825469906994e-06,9.15772652815983e-06
5.84546200541946e-05,2.44389349291119e-05,5.84535782277261e-05
3.50511152640461e-05,5.56265029998148e-06,3.50511152639802e-05
4.12651076008151e-06,8.10596184364245e-07,4.12651075708952e-06
1.68824449319634e-05,7.47386989334978e-06,1.68824449319631e-05
2.482862603508e-05,1.24645800981275e-05,2.482862603508e-05
6.18710125671364e-05,1.68290147518932e-05,6.18709994042017e-05
6.88336753626164e-05,1.06393035793679e-05,6.883367536261e-05
2.03267407582328e-06,4.3804717129836e-07,2.03267407580171e-06
8.87405953688199e-07,5.10067927029312e-07,8.87403717738974e-07
1.31576581872676e-05,2.42285780170044e-06,1.31576581872675e-05
1.94196354789623e-07,1.74845205623545e-07,1.93933473977668e-07
1.8463089070951e-07,4.77023217835261e-08,1.8463089070951e-07
1.59154405739411e-05,4.14917979328948e-06,1.59154405739411e-05
3.25352407626385e-05,1.56952892170475e-05,3.25352400378775e-05
4.45096021119689e-06,1.23807418891567e-06,4.45092928410139e-06
0.000257142908750538,6.93953874403471e-06,0.000257142908750538
0.000551850444856969,6.94778297257141e-05,0.000551850444855972
0.00011103407376141,1.78587316453398e-05,0.00011103407375793
1.11448628407921e-05,3.64738618015681e-06,1.11448496761782e-05
2.58655045327996e-05,4.4721489317067e-06,2.58655045327987e-05
7.38412158914822e-05,1.93910011421461e-05,7.38412158873883e-05
1.48879903108327e-05,6.10907199822273e-06,1.4887990310707e-05
0.000374113384219052,2.89780802790175e-06,0.000374113384219051
2.17777492258783e-05,2.79871776171799e-06,2.17777492258783e-05
6.06983025404694e-05,4.25952513661808e-06,6.06983025377706e-05
3.32990542491396e-05,7.57699631645751e-06,3.32990542458714e-05
0.00010318631860602,1.36367502589518e-05,0.000103186318600911
4.30550314879643e-05,1.08438556191229e-05,4.30550314879642e-05
2.38753154448934e-05,1.25179077244749e-05,2.38753059581538e-05
4.11659307619048e-05,2.13347023412268e-05,4.11659051048137e-05
8.1103647645539e-05,2.091660686118e-08,8.1103647645539e-05
8.15472291010042e-06,2.10626152344965e-07,8.15472291010042e-06
8.56830599738092e-06,2.33001264880877e-07,8.56830599738092e-06
4.18517268394428e-07,5.39010299680479e-08,4.18517268394428e-07
0.00013046163557875,1.07055101740548e-06,0.00013046163557875
0,0,0
0.000192086523646527,3.83740874019229e-05,0.000192086523621852
3.17111339910325e-06,1.97240830630836e-06,3.17017539873749e-06
6.2410667204314e-05,2.30724962674933e-05,6.24104751570092e-05
1.58272832653874e-06,1.15252865349875e-06,1.58263684694406e-06
3.70295257419176e-06,2.6600925640306e-06,3.53506734004023e-06
0.000192763512997238,1.65656889847507e-05,0.000192763477772994
3.11366573597755e-05,4.56146177171658e-06,3.11366573597755e-05
1.90972627067165e-05,9.05179637188472e-06,1.90815592686815e-05
1.92157988895866e-06,1.00604678560423e-06,1.92157481032821e-06
1.98712319171778e-06,8.9094715144292e-07,1.98708890283603e-06
8.46383146127036e-06,2.77100412708572e-06,8.46383146023783e-06
7.66917285873315e-07,3.56390747720755e-07,7.66913545942115e-07
1.01916721925313e-06,5.3420956207237e-07,1.01916721562334e-06
1.27605134927531e-05,4.43061557442292e-06,1.27605134927424e-05
4.52641376959188e-06,2.0763441926445e-06,4.52641376944633e-06
7.74423191521412e-07,3.80091257943387e-07,7.74423181381334e-07
0,0,0
7.64465755464506e-08,3.39129174519411e-08,7.64465728146546e-08
9.54030175310275e-08,3.31430001816686e-08,9.54030175310275e-08
2.18399905484787e-07,1.33012528196423e-08,2.18399905484787e-07
2.07242783200884e-07,1.65981372425685e-08,2.07242783200884e-07
4.36590090616434e-06,7.56535351698139e-07,4.36590089814951e-06
9.17240155036156e-06,3.60786304981178e-06,9.17239298525184e-06
1.19239036022919e-06,4.09234562323782e-07,1.19238692806166e-06
0.000105621368612857,8.42300826270267e-07,0.000105621368612857
0.000156384235880901,2.55747705949278e-05,0.000156384234063664
5.97902521826084e-05,1.11256390187286e-05,5.97889092732702e-05
3.99279618079637e-06,1.9056514273286e-06,3.99241900676824e-06
1.36088620564977e-05,1.52524439272241e-06,1.36088620550046e-05
2.17219904674507e-05,9.44383655019927e-06,2.17219900706636e-05
4.094653732205e-06,2.90019946771458e-06,4.09446650183784e-06
0.000159944423630351,1.31899509013817e-05,0.000159944423627393
3.41205313508188e-06,3.24502199722693e-07,3.41205313507845e-06
5.03777638566131e-06,5.1291396952538e-07,5.03777631781927e-06
5.48128711013356e-06,1.36274338881912e-06,5.48128710962936e-06
1.73758929942045e-05,6.62071090782469e-06,1.73758929933045e-05
2.33534429581958e-05,4.22111806390189e-06,2.33534429581958e-05
2.9320548357468e-05,1.39280375350487e-05,2.93203804140206e-05
1.74310129353772e-05,8.02764757120978e-06,1.74310038080013e-05
8.95609398656879e-05,7.65441705394999e-08,8.95609398656827e-05
1.77888625369517e-05,9.61622446727431e-07,1.77888625369517e-05
4.96842419590508e-06,7.7705780387971e-08,4.96842419590508e-06
4.15116263887518e-06,9.49505426789921e-07,4.15112959809968e-06
1.76667585753295e-05,1.11996319597005e-06,1.76667585753295e-05
0,0,0
0.00138078088804439,0.000231383286160876,0.00138078088803194
1.98670521132922e-05,5.62991518019567e-06,1.98669978883302e-05
0.000907801048821247,0.000222385051280762,0.000906610199546593
7.36402035812344e-05,4.25328616295502e-05,7.36320635282887e-05
1.5755159150632e-06,1.09844609646946e-06,1.50534874937322e-06
0.00243698679999225,0.000161428629529673,0.0024369867999022
0.000116645877677256,2.24368843795455e-05,0.000116645877676618
1.30466305831303e-05,8.45553392796081e-06,1.29284297400255e-05
0.000152205109341397,4.49886137519516e-05,0.00015220502045339
0.00046364070626906,0.000158283444131301,0.000463627160500593
0.000512102973305545,8.28847173737952e-05,0.000512102971762268
2.68055202577963e-05,8.30642440618375e-06,2.67692829298174e-05
0.000131104771674496,3.93187262151278e-05,0.000131096815363529
0.000147098326940449,7.04890301824531e-05,0.000147093888180866
0.000177320330342036,7.6166885069014e-05,0.000177319652833145
6.03211550897132e-05,1.8338383885705e-05,6.03211550748231e-05
2.69754186445278e-07,5.14854259215392e-08,2.69754186445278e-07
5.48807300194477e-05,1.59796911051884e-05,5.48807298774552e-05
3.05049969789396e-05,5.99503536879956e-06,3.05049969783861e-05
9.99082093554928e-05,6.65393945764005e-06,9.9908209355492e-05
2.48195058373457e-05,6.93544539197025e-06,2.48195058372085e-05
0.000159638176456177,2.99070943553172e-05,0.000159638176456177
0.000622841947550169,0.000196299145452182,0.000622761552192
0.000133885372394055,2.25487861179905e-05,0.000133757420442119
0.00139071077871885,0.000144435560995407,0.00139071077871064
0.00242395322257036,0.00016654580191299,0.00242395322256535
0.00115782130830173,0.000126667061448704,0.0011578213081745
2.68960753122962e-06,1.16059027383423e-06,2.66652603957508e-06
0.000123672823475049,1.30726022432636e-05,0.000123672432318571
0.000142602995039523,4.11739640166204e-05,0.000142602995008733
1.71555565063633e-05,8.13254518192595e-06,1.71554360974941e-05
0.00204912574735789,1.41292634528624e-05,0.0020491257473575
5.0126385497781e-05,1.03551668551471e-05,5.01263854977529e-05
0.000182945812078541,3.56861534465082e-05,0.00018294581207461
5.49687808546834e-05,2.25006887721843e-05,5.4968780664053e-05
0.000492213474643196,0.000154391810549517,0.000492213474638892
0.000355093296004513,8.18302793402868e-05,0.000355093296004512
0.000420475475453195,0.000139016100837564,0.000420475475431324
0.000328425101042652,0.000156650534316575,0.00032826163966724
0.00172297200972047,5.22051755035836e-06,0.00172297200971785
0.00055243764472117,6.41995153084848e-06,0.00055243764472117
0.000787681462468151,8.22005386695148e-05,0.000787681462468151
0.000252737266478143,9.13564087137498e-06,0.000252737266478143
0.000149531571507065,1.21835183810702e-05,0.000149531571507065
0,0,0
0.000227710737968733,4.79811142985606e-05,0.000227710737968023
1.2281043893667e-06,8.34979983041786e-07,1.22786697689688e-06
3.6543575800123e-08,3.6543575800123e-08,3.65378428784109e-08
6.87962800754711e-06,3.9402973918205e-06,6.87962800617799e-06
0,0,0
0.000466878862631328,3.27194881966856e-05,0.000466878862628532
2.29986443394952e-06,1.00683185402426e-06,2.29986110162046e-06
2.28064168870923e-06,1.63247930139376e-06,2.27774023446842e-06
1.60595389537098e-05,5.93417429698443e-06,1.60595389061577e-05
8.70097037470457e-06,2.63402405025439e-06,8.70097037468129e-06
2.76370460722935e-05,8.75289832323588e-06,2.76370460711569e-05
2.96411053279869e-06,8.2610998343788e-07,2.96411045709587e-06
1.50503908246565e-05,4.99401909806866e-06,1.50503905572912e-05
1.31050359985049e-05,6.18048413931716e-06,1.31050359982216e-05
9.29259803671186e-06,4.56294326461944e-06,9.29259119231381e-06
7.04379676864606e-06,3.79221655200746e-06,7.04379481760375e-06
1.48736276947181e-06,3.75885604909495e-07,1.48736273155559e-06
9.50513942469253e-06,2.11644366815148e-06,9.50513940446734e-06
5.93901696195529e-07,4.99226864143805e-07,5.93824586472154e-07
4.12397095054801e-07,3.77188545595691e-07,4.12397095054801e-07
1.46134380689028e-08,0,1.46134380689028e-08
0.00020418902835484,2.86439332093268e-05,0.00020418902835484
2.03989232023767e-05,1.18628280397795e-05,2.03989231300055e-05
1.2037030792257e-05,3.88673549724381e-06,1.20370307920505e-05
0.000291992013420911,1.46216615236819e-05,0.000291992013420137
0.000554977009186275,6.90130688700332e-05,0.000554977009185861
4.7849948433904e-05,6.31155059795322e-06,4.78499484337109e-05
3.43767306881954e-05,9.98701008013057e-06,3.43767306283888e-05
5.39075211366385e-06,5.27687873046017e-07,5.39075211321845e-06
1.25482612832124e-05,5.61132452538025e-06,1.25482360184353e-05
3.4830561990383e-06,1.06716862505745e-06,3.48305572963986e-06
0.000171417606949944,2.42134748400484e-06,0.000171417606949944
1.73079468636305e-05,4.76434063894018e-06,1.73079468634541e-05
4.03518561400973e-05,6.68638684444123e-06,4.03518561386705e-05
2.8840737339044e-05,1.4640773657823e-05,2.88407094993943e-05
7.25053824042175e-05,3.60386600044157e-05,7.25053824015172e-05
6.19350402713068e-05,1.07091963173815e-05,6.19350402713068e-05
0.000261692455729375,6.5615034705564e-05,0.000261692455693613
4.45282051095313e-05,3.40670037913647e-05,4.45254780178777e-05
3.57715151854516e-05,1.62134243508094e-06,3.57715151854503e-05
3.77968000137114e-05,2.02846023899229e-06,3.77968000137112e-05
0.000154528059111067,1.34275969237775e-06,0.000154528059111067
1.37098327332311e-06,4.1687251024689e-07,1.37090296443696e-06
2.90244889270352e-05,4.05785280116673e-06,2.90244889270352e-05
0,0,0
2.32651593543342e-05,5.28479302558101e-06,2.32651593543194e-05
6.62328650073727e-07,5.95654174438707e-07,6.59577404792042e-07
2.63481084487012e-07,2.20336466270001e-07,2.63469705186816e-07
1.33852951721819e-06,6.21877605903054e-07,1.33849648334298e-06
0,0,0
8.05773606372798e-05,1.42884751251443e-05,8.05773606372537e-05
1.42106131440012e-07,6.09649059804304e-08,1.42106131440012e-07
2.0507042019423e-06,1.44374999002157e-06,2.05070419512366e-06
1.35661963284805e-06,1.0362026798534e-06,1.35567683628286e-06
1.22590216488697e-06,3.68696179882058e-07,1.22590216476536e-06
4.25226810371213e-07,2.43188215799488e-07,4.25226809729516e-07
3.78075584869115e-06,1.26752261368581e-06,3.78071444946939e-06
1.12726495623632e-06,6.29447469000065e-07,1.12726494872292e-06
9.746289642429e-06,4.696593686982e-06,9.74628964242694e-06
1.59039230007011e-06,8.33589427366626e-07,1.59039227959716e-06
9.25785699445378e-06,2.8445356009762e-06,9.25785699445377e-06
5.2179247666232e-07,2.54762325659324e-07,5.21792218219837e-07
2.61555402592626e-07,1.71541632584879e-07,2.61554879592655e-07
3.77579514102073e-07,1.57502770158545e-07,3.77579514094302e-07
3.77051810940606e-08,3.77051810940606e-08,3.77025211920983e-08
3.43747400461807e-08,3.43747400461807e-08,3.43747400461807e-08
4.79567203458174e-06,2.0884738647346e-06,4.79567203458174e-06
1.7394308742204e-05,5.55044734572279e-06,1.73926701667189e-05
8.96008390365435e-06,3.29974179323176e-06,8.95184667033475e-06
8.49552239041561e-05,2.18511335707071e-05,8.49552239041561e-05
0.000107440863990156,1.15677849862758e-05,0.000107440863990147
6.59400143948616e-06,2.31080313660075e-06,6.5940014391836e-06
2.96642508918982e-05,1.81022599033412e-05,2.84183711626629e-05
9.97750754281245e-07,1.76657894943421e-07,9.97750366457964e-07
0.000255442979814712,2.92709713875932e-05,0.000255442863062037
8.93312235007958e-07,3.82758292644928e-07,8.91389511486118e-07
0.000107137567128309,2.48191569749096e-06,0.000107137567128309
4.94245431531067e-05,1.0898491145148e-05,4.94245281166546e-05
1.13103958462671e-05,4.75808781192522e-06,1.13036177759936e-05
0.00013073600008187,2.28091374561529e-05,0.000130736000054921
0.000347905002907678,2.49295775460083e-05,0.000347905002905328
2.92575893068312e-05,7.27371388284728e-06,2.92575893068312e-05
0.000106599134080547,2.90023349763134e-05,0.000106599134077873
2.15488708044129e-05,7.15912452717426e-06,2.15488708043114e-05
3.61854722367451e-05,4.19719801391668e-06,3.61854722367176e-05
1.07288899367745e-05,3.4826445728283e-07,1.07288899367745e-05
1.42699351263283e-05,2.31963649933747e-07,1.42699351263283e-05
2.16788346971624e-05,4.90039558184632e-07,2.16788346971624e-05
1.66676893205766e-05,9.00570311866264e-07,1.66676893205766e-05
0,0,0
0.000532391294629317,0.000111009975662029,0.000532391294619008
8.17291543417141e-07,4.64779658636725e-07,8.15583537643964e-07
3.20881584308078e-05,1.17200314376747e-05,3.2088158421185e-05
2.30916329348918e-05,9.47136104406507e-06,2.30890137223982e-05
2.61339984815046e-06,2.03223744687945e-06,2.4721975051945e-06
0.000712275542668136,6.05378574993053e-05,0.000712275542655878
7.31105803469506e-05,1.98482408309977e-05,7.31105786039781e-05
9.89278035684357e-05,4.37681886865984e-05,9.85817192040402e-05
0.000136513382385019,5.65808770459566e-05,0.000136462949320651
6.23477939965235e-06,3.10410192459736e-06,6.21964402227457e-06
0.000378472830901394,0.000111679190655242,0.000378472262192677
8.54365963116867e-05,1.28904204892851e-05,8.54365963022555e-05
0.000405069295492247,0.000139368792321293,0.000404996804002889
0.000192831984685296,6.88783034552108e-05,0.000192816993757419
0.000266714430993367,8.7745368853102e-05,0.000266714430983084
0.000530862645183995,0.000171326177991574,0.000530855461045937
0.000324143475456573,9.1326499891589e-05,0.000324025270930698
0.000401642124820916,0.000120489592154779,0.000401463915334883
0.000521266900625353,8.71670886662052e-05,0.000521266900304688
0.0040098062867202,0.000336595306387694,0.00400980628660673
4.54619713532965e-05,1.17673128623729e-05,4.53709573004999e-05
0.000310222198642905,7.0715964976505e-05,0.000310222198642905
0.000575497680359202,0.000115694925824794,0.000575497414555882
0.000158799892592052,5.795425848478e-05,0.000158059420302951
0.00144561832322029,0.000218166458663378,0.00144561832320603
0.00231059595653786,0.00032097149222937,0.00231059595651328
0.000879998767941963,0.000130521010075299,0.000879998767633087
1.91917901811191e-07,2.86271664731031e-08,1.91917901811191e-07
1.09954874698741e-05,7.67629229611109e-07,1.09954614194562e-05
0.000505488597153098,0.000105026862978718,0.000505488596948672
2.70829935172342e-05,2.09984076896692e-05,2.69777035307334e-05
0.000218773481982066,1.84503076325704e-05,0.000218773481981496
0.00012618663976698,2.6200647373851e-05,0.000126186639765852
7.89248430022418e-05,4.10229661500443e-05,7.7788615318728e-05
0.000212636470502603,9.49624957494169e-05,0.00021262708533233
0.000351701545079206,0.000148566153134052,0.000351701545073308
0.00143831107632476,0.000167953967761516,0.00143831107632475
0.00103717087316172,0.000257242546580008,0.00103717087309106
0.00042957468710043,9.24382529876488e-05,0.000429574687088332
0.000507031680246304,2.24879134383258e-05,0.000507031680223393
9.45723106817772e-05,1.35081482612241e-05,9.45723106817753e-05
0.000489632606190353,8.71192711201215e-06,0.000489632606190352
5.96069494578708e-05,1.14747352382899e-05,5.96069494578577e-05
0.000124956543474788,1.42892768089124e-05,0.000124956543474788
0,0,0
0.00206980668993891,0.000515786008282002,0.00206980668983701
9.5041820934891e-06,4.54826144078151e-06,8.9662103808633e-06
0.000149662193023148,6.6402847709669e-05,0.000149271984267077
0.000172528382055578,0.000104192060774637,0.000159062714488604
5.64225807946211e-06,4.62451779348406e-06,3.93401857390752e-06
0.00985348678676502,0.00107646555015213,0.009853486785094
0.000377263752702042,7.28230513480306e-05,0.00037725347778699
0.000678968837984246,0.000387896570558551,0.000599525117302033
0.00153414819734194,0.000681898474830401,0.00147090031316917
0.00163323806007505,0.000473790748216707,0.00160496984926059
0.00498934087676683,0.00249752365024212,0.00479820232772235
0.00111238882334269,0.000368664075680374,0.00110356521385244
0.00265741663270005,0.0014477878739963,0.00239620197465702
0.00154252736601942,0.00079504485512688,0.00143866949957918
0.00398693263467289,0.00149800509947059,0.00396387733307978
0.00451576260729737,0.00224588138416592,0.00425236949814211
0.00226287758221847,0.000831592903766298,0.00224124247749115
0.00363172674125412,0.00161767873411717,0.00339180879162009
0.011574940006057,0.00410597628002758,0.0110827463219065
0.0240317776093165,0.00336215592990827,0.0239980318074458
0.00173843103950362,0.000529803001737764,0.00161996504981981
0.00316904402985561,0.000679498019144795,0.00316870538644888
0.00761173003061617,0.00273673746976627,0.00749871531729554
0.00320319259279985,0.00244262335441225,0.00181235544917417
0.0171004100037652,0.00268278360895631,0.0171000150138271
0.0295415233744353,0.00363351544907033,0.0295415233594546
0.00349596216336884,0.00151764882066669,0.00340772340892461
0.00202203984178596,0.00109349369225957,0.00145647110633342
0.000439601060774873,0.000192717768628995,0.00039829059530742
0.00557318172442269,0.00306640872559612,0.0049205084970359
0.00219423538421882,0.00153827717369885,0.00171430035567493
0.00372474900897478,0.000311472622582191,0.00371270330069553
0.00218924825209596,0.000503459384386817,0.00218914148593127
0.00212551651604435,0.00174409321545679,0.00153387017027284
0.00401245180245547,0.00285271561565254,0.00355882419509097
0.00741941938660414,0.00318084111628037,0.00738942666457956
0.0103458444752582,0.00219940893950723,0.0103458444749665
0.0182027401053564,0.00473960119496307,0.0182026780014314
0.00858980170369192,0.00382179492317513,0.00858755402441955
0.0188923415108191,0.00124281545676649,0.0188700210234369
0.00448612653915362,0.000403951685869436,0.00448607346722776
0.010516556705242,0.000247044876915385,0.0105165567051817
0.0013743109732644,0.000267648624831428,0.00136386856792422
0.0033158214916899,0.000320209356286847,0.00331582149165643
0,0,0
0.000431018179132352,9.58926436645575e-05,0.000431018179110948
1.11949311335203e-05,7.69902497936576e-06,1.08908594390212e-05
8.20015291582837e-05,7.0311310217628e-05,8.19260840807941e-05
8.91626879848742e-06,5.22771816911914e-06,8.90734234005308e-06
2.06619663969361e-05,1.69453948277014e-05,1.96963553420239e-05
0.00100999910883285,0.000148827187302501,0.00100999910874894
2.37104179669449e-05,5.40420203378172e-06,2.371041794004e-05
3.58213462863103e-05,1.79401364598855e-05,3.57982342737111e-05
4.99590450011929e-05,1.76267666259768e-05,4.99574125596499e-05
6.27803055106923e-05,1.95038848309305e-05,6.27751320427897e-05
0.000174447790300973,6.60807298962825e-05,0.000174426339923433
0.000817727387378926,0.000113255046795736,0.000817482024336879
6.37211622969187e-05,3.08445914972887e-05,6.37110320283666e-05
8.36282100356414e-05,3.78665600119924e-05,8.36270633980918e-05
4.02410318673976e-05,2.00062521197906e-05,4.0240962861498e-05
0.000175130013487244,6.89432624473957e-05,0.000175016215090034
8.5996419160116e-05,2.78607228271067e-05,8.59950625219909e-05
5.00380272643799e-05,1.95595710447681e-05,5.0030281307432e-05
0.00123194703158275,0.000162873656070007,0.00123169658389839
9.14713153658162e-06,1.4693354989598e-06,9.14713151961995e-06
6.11376435431972e-06,1.13860497610477e-06,6.11372624716272e-06
0.000262241885144807,5.85935926800802e-05,0.000262241885144807
0.000104580021946393,3.67435564230828e-05,0.000104559853875863
0.000138486813132343,5.23218122960938e-05,0.000136842790494893
0.00156864174489911,0.000190154544431377,0.00156863761124458
0.00300459079646275,0.00050434371032583,0.00300459079635106
0.000447979018188339,0.000108146336232643,0.000447979010912333
0.00190513440001223,0.000896628455209969,0.00153480654494277
3.47083002206433e-05,1.08642906640169e-05,3.45532011322058e-05
0.000218686679479202,9.03494244626553e-05,0.000216918254159332
6.022184523308e-05,2.70162221433333e-05,5.99088732197766e-05
0.000352646864104841,2.82777954371684e-05,0.000352646864100541
0.000186262990689668,5.13537762300768e-05,0.000186262405062471
0.000118784181806968,4.57872031207573e-05,0.000118495636876967
0.0004923754526677,0.000125366391651656,0.000492368672064162
0.000517804333775136,0.000193591702866344,0.000517804333744325
0.0011965658301635,0.000161406112668808,0.00119656583016349
0.00151716992816504,0.000346388680617364,0.00151716992763447
0.000776822024124363,0.00017325905598759,0.000776821945232675
0.000628278594943726,2.65584737075737e-05,0.000628278594928258
0.000395957113329556,1.78095124494041e-05,0.000395957113329494
0.00112079522760343,1.40542846863609e-05,0.00112079522752689
5.16214135887822e-05,8.55439978976295e-06,5.16211509327303e-05
0.000107777640382115,2.66409892294383e-05,0.000107777640382114
0,0,0
0.00140648077856907,0.000196712666569833,0.00140648077856359
2.93040877040485e-05,2.26323450909287e-06,2.93040877040464e-05
0.000780699708486613,0.000373186469631452,0.00078044554239563
5.0916672390922e-05,3.99079448483464e-05,5.08445212264971e-05
1.87122043388772e-05,1.57861997437354e-05,1.72120912933266e-05
0.00237800025013723,5.83030216573161e-05,0.00237800025013603
0.000321281239166294,3.49537380622157e-05,0.000321281239165832
3.80725715519641e-05,1.25945478250157e-05,3.80725290290119e-05
8.44549548280103e-05,1.32758334006091e-05,8.44538185167633e-05
0.00086143263590659,0.000194434325844539,0.000861429211922985
0.000183225781313797,7.60746262963547e-05,0.00018319549021108
4.7057554262646e-05,5.08964123237449e-06,4.70572742577063e-05
8.99196902284462e-05,3.31435716316661e-05,8.99114694774455e-05
0.000160219130475869,4.88847147574667e-05,0.000160216143458782
0.00054451178227388,0.000114375367722595,0.000544511502689978
0.000188623602158147,4.27045786130188e-05,0.000188623537532293
1.54636558933283e-05,1.68590081633379e-06,1.54636502617003e-05
0.000186142179821284,1.85797616825386e-05,0.000186142064842709
3.40152900659735e-05,8.45806139120347e-06,3.40152900657353e-05
5.30625024698706e-05,2.44472801900307e-06,5.30625024698706e-05
3.84882723690527e-06,2.98734948809938e-07,3.84882723690523e-06
0.000232885166414479,3.43492077323225e-05,0.000232885166414479
0.000403196458184728,4.35016758785518e-05,0.000403196458183826
1.08591806994111e-05,7.55223818500364e-06,1.07353138263357e-05
0.00104511746363182,6.9445177849478e-05,0.00104511746363181
0.000867229924749963,0.000145555955185155,0.000867229924749344
0.000303399396920464,4.33287575624684e-05,0.000303399396917487
0.000276227324193456,5.47405928789108e-05,0.000276219028238427
0.000384321465228699,6.21887986449631e-06,0.000384321465215426
0.000516095713248555,8.71353688258012e-05,0.000516074856527086
5.01701856073366e-06,1.17888958936995e-06,5.01692810205793e-06
0.000822078211209355,1.64142438154751e-06,0.000822078211209353
9.98643832295426e-05,3.96364302214035e-06,9.98643832295019e-05
0.00018818152473187,1.52938615492705e-06,0.000188181524731829
1.20787659294594e-05,3.42992375704128e-06,1.20787659277372e-05
0.000382857963697882,5.49659408578754e-05,0.000382857963695983
0.000801893492546581,5.38815973453516e-05,0.000801893492546581
0.000122505182084368,4.99147908506339e-05,0.000122504904271711
8.46548526562328e-05,1.9624603012046e-05,8.46547429390671e-05
0.000359005080521006,6.64779346688576e-07,0.000359005080521006
0.000247871464198039,1.82276490588207e-06,0.000247871464198039
0.000507212679585489,2.03423069263305e-06,0.000507212679585489
0.000103722169291639,4.49579374634364e-06,0.000103722169291639
8.74709766932501e-05,1.6720835776716e-05,8.74709766932501e-05
0,0,0
0.00202025114589509,0.0005568203869474,0.00202024269665076
3.10534836820444e-05,5.40408145792751e-06,3.10452458560815e-05
1.55950988421664e-05,9.85074291908044e-06,1.5591344451094e-05
0.000101105189869935,5.17966140088487e-05,0.000100639501094322
5.41011863120859e-06,4.00832841797791e-06,4.38177338516542e-06
0.00734142994472843,0.00088093500743393,0.00734142994377949
0.000535874239880588,9.20963439146862e-05,0.000535874180966947
0.000166380538494207,8.73101396350523e-05,0.00016132962516655
0.000406653091936378,0.000211729467891848,0.000400132579287413
0.000640178260093629,0.00018917715784022,0.000630267333483969
0.00137874694030498,0.000470191563970743,0.00137827118063859
0.000312452950034424,0.000110847587381252,0.000312113826141352
0.000468421213314697,0.000237278076691057,0.000463682718806976
0.0005919842237526,0.000256104533207904,0.00058897588219842
0.0014473738548988,0.000438325938112714,0.00144736604302824
0.00136011018623681,0.000395603775214496,0.00135999487952077
9.93236740613801e-05,3.12309364922211e-05,9.93226034993283e-05
0.00054289055537741,0.000154844339244917,0.000542620566508339
0.000734778656758779,0.000143299272070098,0.000734763550827195
0.00370505524123062,0.000409190173749529,0.00370505519524882
0.000428621598692351,0.000135409014464143,0.000425208269156224
0.000742830700436642,0.000157300435892836,0.000742830700436642
0.0011994280021186,0.000596912607980503,0.00118891883393593
0.000732479067640032,0.00045332079496651,0.00065710337936851
0.00621842431795547,0.000711139172400154,0.00621842431769391
0.0145939966883288,0.00141805436117365,0.0145939966878785
0.00252766932567576,0.00052809400655106,0.00252762455848226
2.98619506317215e-05,1.19450548180141e-05,2.87408208279942e-05
0.000272632840848015,6.21487201046323e-05,0.000269039209409101
0.00185478790960976,0.000546268687430986,0.00185449557480066
0.000109272523126242,8.73984321686431e-05,9.97955561443284e-05
0.00624309417421166,0.000299469821014433,0.00624309417380859
0.00042703592783291,0.000132036496517856,0.000427025878534221
0.00113152185146241,0.000370082983327512,0.00113062031711213
0.001477230107544,0.000272779525453301,0.00147720024992726
0.00159751020238605,0.00069452706595837,0.00159751020208982
0.00268660072647288,0.000456327216877472,0.00268660072647129
0.0040970826820112,0.000985985922710405,0.00409708179623968
0.00316689637700855,0.000854594862540541,0.00316689637527565
0.00205555117704157,0.000255154999313233,0.00204716309561621
0.00042125143060904,6.07033418712107e-05,0.00042125143035517
0.00470789783381432,0.000216466797104567,0.00470789783370441
0.0004276261252089,7.85646312371829e-05,0.000427604810835539
0.000674676686777501,0.000142798625950363,0.000674676686777238
0,0,0
8.81049410846952e-05,2.05999494553713e-05,8.81049410836733e-05
8.52624981095253e-07,6.68963160644422e-07,8.51204231945639e-07
7.17303610555626e-06,4.65447666052419e-06,7.17285651137759e-06
1.81776034111326e-06,1.45723220776366e-06,1.81589046632479e-06
0,0,0
9.76661424504456e-05,6.50766733388934e-06,9.76661424495419e-05
1.17270300264648e-05,2.73413361205903e-06,1.17270300264404e-05
0.000151376776630647,3.0982080105287e-05,0.000151334143306043
1.05743534627387e-05,4.23398991992552e-06,1.05743261857152e-05
5.52662423549799e-06,2.08797462266131e-06,5.52615540127177e-06
1.00812197343771e-05,3.50050841323399e-06,1.00812197342089e-05
2.93524888846237e-07,1.92521828407908e-07,2.93517907345708e-07
1.14001144024899e-05,4.0775908356306e-06,1.1400082201055e-05
1.52235075541534e-05,6.21880301347413e-06,1.52228163950648e-05
2.66316026882447e-06,9.28122389883273e-07,2.66316026882255e-06
5.05694831834595e-05,1.41158725797964e-05,5.05694763135245e-05
4.6236698927069e-05,8.58930329728531e-06,4.62366989040767e-05
1.95610096943889e-05,5.8871675074005e-06,1.95610086446546e-05
9.53132419620038e-06,2.37793502615672e-06,9.53132375833547e-06
6.87606534249874e-06,1.8060505086353e-06,6.87605739009696e-06
1.22267578046012e-06,2.69644834092764e-07,1.22267299552798e-06
4.74947138207525e-05,9.40199958803968e-06,4.74947138207525e-05
3.53947478799016e-05,1.36219203122364e-05,3.53938150531627e-05
8.27990391121764e-06,4.2060966528539e-06,8.27883920808075e-06
0.000209886326679038,1.20835924849965e-05,0.000209886326679036
0.000279930982634413,3.28346900228499e-05,0.000279930982634322
9.15844039227664e-05,1.43506857774963e-05,9.15844039199839e-05
1.38261565555136e-05,2.893155887103e-06,1.38247379843865e-05
2.24956284778202e-06,1.95710699960248e-07,2.24956262425569e-06
0.000115369273330955,2.58400418344899e-05,0.000115369273327802
3.46063249093024e-06,1.82918782768719e-06,3.46063001179359e-06
6.80242114591243e-05,2.18570984796846e-06,6.80242114591237e-05
7.43167245449982e-06,2.06175960341929e-06,7.43167245448587e-06
1.3521688758587e-05,5.07770564970498e-06,1.35209939421285e-05
5.88120196615903e-05,1.71495348431393e-05,5.881140529265e-05
3.02921297680652e-05,1.44370589073772e-05,3.02921297664861e-05
0.000142282505265327,2.00312290538607e-05,0.000142282505265326
0.000132337865965997,2.74411397584918e-05,0.000132337865962094
6.02208453610259e-05,1.48605783048994e-05,6.02208381107033e-05
0.000116746471467609,2.23122609846126e-06,0.000116746471467302
5.25812013845438e-05,1.73165379614485e-06,5.25812013845437e-05
4.11905300682186e-05,2.20520426862491e-06,4.11905300682186e-05
2.04235929023271e-05,1.54227823567313e-06,2.04235929023271e-05
1.29694428673987e-05,1.1917542660245e-06,1.29694428673987e-05
0,0,0
0.000283186233183925,0.000105223060861755,0.000283186233182954
2.6903623253588e-06,1.72726943166206e-06,2.67401443703595e-06
1.44047114903588e-05,7.25038376729407e-06,1.44021896334068e-05
5.57003860939145e-05,2.47295457476506e-05,5.48782455233497e-05
5.20846875743467e-06,4.01871940063304e-06,4.94282661014851e-06
0.000497804053919622,6.27167612284656e-05,0.000497804053916938
1.26087092234762e-05,6.57283718361172e-06,1.26086142601337e-05
0.000254216708021258,8.5025356915709e-05,0.000252514534206329
0.000846389701785478,0.000184291966876938,0.000845683309726399
0.000167728878823952,5.66836186843796e-05,0.000167667257837511
0.000283605365437168,0.000115114941220489,0.000283590728572401
1.90224170313128e-05,1.24350788462393e-05,1.89993843982208e-05
7.10498094651033e-05,3.06966645002056e-05,7.10366497380806e-05
9.06469491981154e-05,3.78677967169665e-05,9.06463032243427e-05
0.000355319753178444,0.000128493670347511,0.00035531763876443
0.000267837045651655,8.83376489566351e-05,0.000267802677212056
0.00109456242839263,0.000111145602950957,0.00109441436599719
0.000151527434834389,4.62613775040017e-05,0.000151515295519558
0.000845820121124978,0.000138805291032501,0.000845247926782103
4.03799450835039e-05,9.555341937275e-06,4.0379861834844e-05
5.03104519237274e-05,8.23954775874513e-06,5.0310237891012e-05
0.000145500897606048,5.00720629972754e-05,0.000145500332406015
0.000407376454579475,9.68449336753515e-05,0.000407376454547634
0.000137851725608023,5.1291005152864e-05,0.000137831045535363
0.00214187387176017,0.000137453110147026,0.00214187387173813
0.00283212596941872,0.000225591972894845,0.00283212596940333
0.000458237014825928,0.000104414018544853,0.000458234054466166
5.55846119130988e-05,1.58102188932634e-05,5.53837102436103e-05
5.03009173929483e-05,7.20448850893898e-06,5.03002307951837e-05
0.000232613292967336,8.73401941449238e-05,0.000232604920722512
3.42284478844401e-05,1.81036265613102e-05,3.42279780106557e-05
0.000369872104549777,2.58044756078181e-05,0.000369872104549481
0.000129062031655234,5.71441794647446e-05,0.000129052307128884
8.40767547864997e-05,3.75373144019617e-05,8.40758857674347e-05
0.000559925746571405,0.000127830388021747,0.00055983823442312
0.000565350692100264,0.000125476395781654,0.000565350692089851
0.00170593069411198,0.000104030733476546,0.00170593069411197
0.00111489998415652,0.000220639107103327,0.00111489995824631
0.000385264153013829,0.000166337161750712,0.000385263833800077
0.00217874064172344,6.37409775430815e-05,0.00217874064171681
0.000721785870081231,2.48373133366114e-05,0.000721785870081212
0.00138619657170192,3.42438567775549e-05,0.00138619657170191
0.000141281400500201,8.45423920648626e-06,0.000141281400500192
0.000194320413607986,1.75646460111067e-05,0.000194320413607966
0,0,0
0.00328597745427046,0.000811907348150979,0.00328597745400477
3.36044258384329e-05,1.86285794469236e-05,3.14553159877563e-05
4.1698779089071e-06,3.23883381577825e-06,4.16673031845878e-06
0.000123366816503135,6.7917746052734e-05,0.000118244348651965
2.54600755019268e-06,2.36386690688006e-06,2.16088466346417e-06
0.0107714850763377,0.000915092097336921,0.01077148507553
0.000400865062589638,8.6413398966556e-05,0.000400865007197351
0.000403679777062195,0.000151055051266114,0.000392088017519144
0.000604966701282418,0.000288768298493004,0.000593514386835847
0.000811624809949582,0.000163801406532401,0.000811507787628312
0.00262443110447336,0.000877756058411979,0.00262009605019417
0.00057656720601793,0.000180544720395797,0.000573821739669105
0.000691985313421847,0.000368892465571809,0.00066914736040493
0.000739524616959695,0.00031582692180495,0.000728904930967111
0.00125689421658018,0.000359760424481892,0.00125688725334007
0.00131941453059888,0.000612708817682295,0.00129385055939723
0.000679861688151858,0.000203946718710314,0.000679130678485038
0.000462865707695449,0.000181370076713464,0.000460354131626684
0.00111609064912141,0.000304379620678083,0.00111407541455308
0.00262052937271034,0.000254333854120707,0.00262051723381249
0.0031372586577083,0.000721983612242729,0.00304241877193355
0.00183893385941039,0.000531102103179883,0.00183867684353538
0.00251517403875744,0.00160236616025536,0.00236431432464796
0.00187361182062621,0.000776819281842074,0.00168149081704657
0.0118694265512342,0.00107038619813877,0.0118694265482329
0.0300086632923926,0.00255624195966708,0.0300086632876705
0.00246656845955771,0.000963531470735463,0.00243769259854637
0.000780856119891403,0.000354024274352317,0.000646892542568412
0.000226582182849246,7.90675087304901e-05,0.000216961125792738
0.00175261521462367,0.000952862896929448,0.00165230278717062
0.000291453707979182,0.000213149027661326,0.000239504355632535
0.00439308184264677,0.000329133700550126,0.0043919330765221
0.00157506437430281,0.00034946843590489,0.00157505080306885
0.00153658521373072,0.000981475637931054,0.00142336107204208
0.00262365293584056,0.000980798580167582,0.00262257017937117
0.010585566217703,0.00278075032235537,0.0105855661352247
0.00739245418877859,0.000977268564655051,0.00739245418866265
0.017279928898171,0.00388105306546447,0.0172798834105618
0.0105963824161262,0.00307644389945725,0.0105857639203378
0.00790946961677932,0.000307716764175119,0.00790708399219664
0.0018901078835901,0.000305228786381441,0.00189010785155259
0.00808114995258596,0.000149935764015119,0.00808114995250326
0.00107178615643431,0.000112681418523264,0.0010699380990552
0.000711746813136326,0.00016814089909388,0.000711746813136056
0,0,0
0.00115702904023198,0.000224708275469644,0.00115702904022691
5.2977797311867e-05,2.81808844881281e-05,5.20283557505048e-05
0.000770500688383008,0.000329994007881383,0.000766319393127928
0.00020439406047998,9.5313306132232e-05,0.000195101049257811
0.00021447284145487,0.000170047468269334,0.000121375799310727
0.00565441050685509,0.000553904997442438,0.00565441050667534
0.00013851736619009,3.60196453052059e-05,0.000138500710386509
0.000234491023397623,0.000133545744524389,0.000214386749374814
0.000543734685196739,0.0002661807041032,0.000535455950015955
0.00072537721922623,0.000228845697616417,0.000721089966136113
0.00106423962694568,0.000464241622915813,0.00106291139853768
0.000625222680318481,0.000263907626863918,0.000621048977988259
0.000581606830706089,0.000290557785628751,0.000574069005980507
0.000471831307018533,0.000207255048643344,0.000468917041196485
0.000375665382958934,0.000178246831927505,0.000375486011115351
0.000996562131293776,0.00047145115503073,0.00099006688178228
0.000422882017117779,0.000193458518076333,0.000422813414344293
0.000303046175857062,0.000109145059843957,0.000302267076464318
0.00101224789860752,0.000345933207303969,0.0010076979940214
0.00220697291800133,0.000320726797614217,0.00220686276631023
0.00100599090905077,0.000410909234538444,0.000887716044714146
0.0010566272925894,0.000322942092143548,0.00105658002909747
0.00309054224188479,0.00193594675807949,0.0029687791762881
0.000947744268399542,0.00073301300719137,0.000690183861385659
0.0119422942723481,0.0023417417053172,0.0119422942606996
0.0261519323467947,0.00189309688066425,0.0261519323440157
0.00327856554182307,0.000660492017071634,0.0032777849643398
0.000342509974370792,0.00016641701785663,0.000290313361796917
0.000247560486912883,8.69690789779847e-05,0.000239309776334251
0.00151020300156037,0.000768482177988183,0.00144715415546471
0.00059348903892935,0.000469035416581241,0.000504091381366054
0.00371661205611421,0.000256071814036878,0.00371661205590752
0.00333685057383425,0.000440112880702591,0.00333685056317506
0.00125450213998573,0.00099643896701425,0.00103104737438402
0.00345425885097723,0.001665202661664,0.00343756667768883
0.0170694287412982,0.00412660991486514,0.0170694285048411
0.0134629906179408,0.000590913747728141,0.0134629906178784
0.0230993673373289,0.00393212265941384,0.0230990297570913
0.00556302085580022,0.00245789296280936,0.00553673471366069
0.0130981106151711,0.000311318877095598,0.0130981106145978
0.00283193591414749,0.000512384357234702,0.0028319355348793
0.0148045368741437,0.00028277322496003,0.0148045368741067
0.00323554563583187,0.000143690554645248,0.00323551874433216
0.000394930283589097,0.000142947097075986,0.00039203907512802
0,0,0
0.000504841762770487,9.45295742904762e-05,0.000504841762765826
1.17779812421865e-05,7.18894991952496e-06,1.14609808154019e-05
2.61421338282827e-06,1.68601844870538e-06,2.61419160236141e-06
1.59265947263088e-05,1.23390898759463e-05,1.57193503509422e-05
4.83535515839135e-07,3.77694662176253e-07,4.65168697924699e-07
0.0010137260323518,6.18676532200616e-05,0.00101372603234946
2.58723470997819e-05,4.73214217797325e-06,2.58723470923857e-05
7.69444669383517e-06,3.49294066499406e-06,7.69361667143557e-06
3.82885364263247e-05,1.80285117014607e-05,3.8258235405666e-05
0.000367021784016201,8.57806809081748e-05,0.000366766118337727
6.50579363145083e-05,2.28696794847283e-05,6.50554511953978e-05
9.55813789260816e-05,8.0776449904952e-06,9.55813789085351e-05
6.17949133588241e-05,2.08415241290112e-05,6.17929631759173e-05
5.6556564729353e-05,1.87438925922077e-05,5.65559500598306e-05
0.000163655654115591,4.61338602695478e-05,0.000163654807724592
8.10629673425286e-05,2.67201413685246e-05,8.10615396479485e-05
1.08582981268149e-05,1.86220954004946e-06,1.08582980347006e-05
2.71735451385973e-05,8.46598028182967e-06,2.71731618407975e-05
1.27364217893611e-05,3.14796459676616e-06,1.27363587871251e-05
6.83070696310815e-07,1.26881605042769e-07,6.83070696310815e-07
4.34436037970886e-06,3.50233523686305e-07,4.3443583506584e-06
2.3598938462183e-05,6.83485032738627e-06,2.3598938462183e-05
0.000427350347428075,8.04466720464629e-05,0.000427350347395823
6.52100882070503e-05,1.40558512521516e-05,6.51468509532883e-05
0.000390950761222669,1.83683043624158e-05,0.000390950761222647
0.00184561265591264,0.00016126086141983,0.00184561265590108
0.000273366532053295,2.92092995000716e-05,0.000273366532043173
0.000508709479833817,0.000171482103224941,0.000486881347890496
2.29102854009274e-05,6.25614860025974e-06,2.28549746726156e-05
0.000185040445755411,5.67122984514306e-05,0.00018504044492937
2.07816190354605e-05,1.2318244092396e-05,2.07816077802e-05
0.00128054510499271,1.18528490478423e-05,0.00128054510499269
0.000132213144542123,9.18604614841888e-06,0.000132213144542031
0.000224483975144814,2.19244151547704e-05,0.000224483975130648
9.34408485090692e-05,1.40836332801018e-05,9.34408485079478e-05
0.000314406922991803,8.81378182909532e-05,0.00031440692298935
0.000488171838683573,0.000113764233799744,0.000488171838683573
0.000522142012310397,9.26650389735084e-05,0.000522142012302792
0.000332061999751385,3.40559136317026e-05,0.000332061999745455
0.000972049744460852,9.98426035383676e-06,0.000972049744452292
6.0565786390837e-05,3.43677419877786e-06,6.0565786390837e-05
0.000468520424995654,1.1662099271173e-05,0.000468520424995654
7.21673070199624e-05,7.9610751223972e-06,7.21673070199624e-05
0.000819961288513817,7.89670168421277e-06,0.000819961288513817
0,0,0
6.55719833130304e-06,1.0336301986397e-06,6.557198298249e-06
4.85594754049501e-07,1.27605649133322e-07,4.85594754049501e-07
0,0,0
0,0,0
1.48734311695657e-05,9.62963062851709e-06,1.45204789299536e-05
0.000949852093377436,6.64742298365122e-05,0.000949852093351588
0.000675368650876726,2.93146390506319e-05,0.000675368650876299
1.58802071606159e-05,2.91645510329181e-06,1.58802071606159e-05
0.000207012059070318,3.7543835244848e-05,0.00020701205907009
1.19933799382287e-05,3.11026143140807e-06,1.19933778277503e-05
3.64177032606779e-05,7.74686033701474e-06,3.64175821832634e-05
2.1226290768046e-05,2.68155712283683e-06,2.12262900655786e-05
0,0,0
2.34249470470594e-05,7.22509548917888e-06,2.34230291987422e-05
4.31786637364844e-05,1.41683775790887e-05,4.31786637163302e-05
3.30944006856958e-05,9.97661574606961e-06,3.30510779987532e-05
0.000337913169870628,3.71198128586029e-05,0.000337913169844728
0.000436993226332463,7.7491311794762e-05,0.000436993226275393
0.00012867093409834,1.53186991934801e-05,0.000128670279047104
7.90606052651723e-05,4.21552671785493e-06,7.90606052650535e-05
1.82581021753912e-05,1.74477162441671e-06,1.82581021684522e-05
1.62007700374353e-05,7.41643966802572e-06,1.62006762570041e-05
0.00014749881535757,5.6964703553457e-05,0.000147496865354932
0.000156613449152372,6.1752905702775e-05,0.000156091076544152
0.000552998539604921,9.65768028052868e-05,0.000552998539603704
0.00895984253925087,0.00116721170953534,0.00895984253799201
0.000325097707081153,5.27320553581514e-05,0.000325097502386587
0.00155195727884505,0.00028594649737152,0.00154977727874473
0.00173012818023002,0.00045369465659608,0.00169944575024419
9.23207675588555e-06,7.34821020774763e-06,9.19979499648605e-06
0.000178075096942412,5.81210092603919e-05,0.000177851878876195
0.00126674709113977,2.23927482664034e-05,0.00126674709078274
0.000177408888204278,2.89949594310696e-05,0.000177408888197623
0.00140785448871588,0.000224100810267689,0.00140784876729815
0.000110746457059325,6.13619214114705e-05,0.000110738659048506
0.00285984348570548,0.000616075958000368,0.00285984348286534
0.00157212207947911,0.000201061672590467,0.00157212207947806
0.000338056453932374,0.000137669890638233,0.00033805645389985
0.000142405630376363,9.26159572865119e-05,0.000142397828890591
0.000511242355908136,7.38472862651699e-06,0.000511242355754672
0.000163014944254638,8.7836249760983e-06,0.000163014944254636
0.000190699159158091,1.82834691342404e-06,0.000190699159158091
0.000113278518837654,2.50303157003775e-05,0.000113278518837632
0.000345359002716852,4.65214147595141e-05,0.00034535900271685
0,0,0
0.000154271521468199,2.41816350614021e-05,0.000154271521468193
4.38159343785064e-06,1.34282611512615e-06,4.37705057217946e-06
8.61607321215282e-07,6.77170619395121e-07,8.61593563543765e-07
4.20030365631152e-06,2.41625545305921e-06,4.19971932761458e-06
4.20798449489669e-06,2.41050145517865e-06,4.20774656312778e-06
0.00031704093565561,2.3636170450713e-05,0.00031704093565547
2.65129535115665e-05,6.09824793612766e-06,2.65129535115481e-05
3.08313090618617e-05,7.32323835022129e-06,3.08295903363934e-05
3.30864245898233e-05,9.09335299571951e-06,3.30864245898154e-05
3.63756731890535e-05,8.61422245410022e-06,3.63756731889405e-05
1.33745186471676e-05,5.35035352908718e-06,1.33745172792098e-05
1.71120664285067e-05,3.35953809857341e-06,1.71120546573966e-05
2.18405040729684e-05,7.03490234341379e-06,2.18405040638609e-05
3.65298746639209e-05,1.39339369564901e-05,3.65298746607801e-05
4.18157392615535e-06,2.82318223944903e-06,4.18141462677596e-06
5.44555650745757e-05,1.3524894839196e-05,5.44555650738373e-05
4.36981387360316e-06,1.81122822348189e-06,4.36981376053252e-06
2.36675944317012e-05,4.4097128746844e-06,2.36675944072189e-05
3.20682767928556e-05,3.9162293740779e-06,3.2068276792849e-05
1.76987670291777e-06,9.91154676944585e-07,1.76987670291777e-06
3.42661481153388e-05,2.4335285078548e-06,3.42661481153373e-05
7.54553055147841e-05,7.2925249868005e-06,7.54553055147841e-05
0.00012757495647421,2.8750850480026e-05,0.000127574956469989
2.69672938443872e-05,8.13931358753283e-06,2.6967293844384e-05
0.000527599282497822,4.25420252520921e-05,0.000527599282493082
0.000666920444969203,5.69851054863971e-05,0.000666920444968797
0.000157583704949873,1.42188875588278e-05,0.00015758370494849
7.67025548208721e-06,1.43047994225161e-06,7.67025350903428e-06
3.74492419452832e-06,4.68787965105591e-07,3.74492391742926e-06
5.19178733096841e-05,8.65825774438356e-06,5.19178733095314e-05
3.12704983543544e-06,2.0112063078706e-06,3.12701625368415e-06
0.000305622338189491,5.71658398984155e-06,0.00030562233818949
2.28736588858922e-05,2.76887070058594e-06,2.28736523590791e-05
2.82567012220908e-05,8.18077943260676e-06,2.82567012216244e-05
9.13759255836114e-05,1.14045182726242e-05,9.13749133683395e-05
0.000143481987982416,3.27271384168652e-05,0.000143481987982292
0.000107262224767214,1.74454756665953e-05,0.000107262224767214
0.000371637337584284,4.1610422537747e-05,0.000371637337579705
0.00013124407309411,1.21015307722503e-05,0.00013124407309397
0.000289152346624403,4.9823564623601e-06,0.000289152346624402
4.17684960312743e-05,5.666448499315e-06,4.17684960312742e-05
0.000172226243892697,2.13298204351414e-06,0.000172226243892697
9.44475862872165e-05,6.41166999971574e-06,9.44475862872129e-05
8.72226153476481e-05,8.35007537333246e-06,8.72226153476481e-05
0,0,0
0.000295801921788093,9.96017223283577e-05,0.000295801921783569
3.36419451222546e-07,2.61199380290751e-07,3.36320215056941e-07
2.6136455949044e-06,1.44375082224016e-06,2.61363786370766e-06
6.23328175389617e-06,4.20207462980567e-06,6.23029482510325e-06
2.81054913137632e-06,1.9442470714586e-06,2.77649853497562e-06
0.000527042185192068,5.37903565765634e-05,0.000527042185187843
2.23294967215079e-05,6.64476168404527e-06,2.23294966776325e-05
2.34575252487446e-05,1.12234045881402e-05,2.34359085096421e-05
6.42788073526763e-05,2.40353128482243e-05,6.42747957141694e-05
0.000111111160855208,3.05169564167944e-05,0.000111110932326474
0.000183419565592682,5.51814362511143e-05,0.000183419565513971
9.27807182519557e-05,2.13821746823066e-05,9.27737611277626e-05
0.000213392493190372,6.38822696770417e-05,0.000213391370292595
7.87517408517326e-05,3.13468970034757e-05,7.8749811982971e-05
0.000115188784715949,4.5283761253624e-05,0.000115188585621451
0.000143763181351412,4.90964015487162e-05,0.000143759692617726
0.000494104523468859,0.000108439117590911,0.000494083219098794
0.000202100312159151,5.46380947398466e-05,0.000202097139942959
0.00018141128645103,4.18127071999007e-05,0.000181409421747156
0.00209087924239356,0.000191374173011183,0.0020907232040369
1.19090997062712e-05,4.94065464296048e-06,1.19090502072885e-05
9.72708443394815e-05,2.55451932591398e-05,9.72707609228473e-05
0.000128352594914808,3.9147463652698e-05,0.000128352592548425
6.7851980569947e-05,1.83494848230409e-05,6.78519805627244e-05
0.000670128089238263,5.92438844270858e-05,0.000670128089234213
0.00124482559702707,0.000165406461618594,0.00124482559701386
0.000241695724623838,5.84685617461547e-05,0.000241695242154739
6.56925673370653e-07,4.47432653210198e-08,6.56925673370653e-07
4.65699803677504e-05,3.7619803158059e-06,4.65699802773864e-05
0.000112112841538219,4.11849715865808e-05,0.000112081276524237
1.20727180053901e-05,9.43138120089947e-06,1.20639125562696e-05
0.00027063158349828,9.17863373156733e-06,0.000270631583498196
6.46334476551802e-05,1.86241437124097e-05,6.46334476547074e-05
2.90218073772427e-05,1.25733903448218e-05,2.90198229221873e-05
0.000108547953447184,4.75443638280814e-05,0.000108522252296154
0.00015477406764315,6.50182796146854e-05,0.000154774067642257
0.000403297305989911,5.57160345385288e-05,0.00040329730598991
0.000463776520749884,0.000126636767514557,0.000463776520685583
0.000264187635187726,7.64902424581763e-05,0.000264187617780225
0.000217953326108076,1.52924403523837e-05,0.000217953326107892
6.0968194908466e-05,6.95103503199068e-06,6.09681949084654e-05
0.000230690512393552,3.9707505493067e-06,0.000230690512393551
6.43196940250216e-05,2.54319570356458e-06,6.43196940250216e-05
6.36855332872749e-05,8.47265481894972e-06,6.36855332872749e-05
0,0,0
0.00205384346680257,0.00103472277972508,0.00205380682780273
0.000204198416709454,0.000157932794880377,0.000185016747485738
0.0024768657957451,0.000935737138850556,0.00244060096894812
0.000495386374410855,0.000356363150588274,0.000473590366910874
0.000115503532871657,9.36803081345616e-05,7.87375981238549e-05
0.00598895615115857,0.000788957450100984,0.00598895605668193
0.00124684890970971,0.000246758592112937,0.00124683893471966
0.000355859486537883,0.000198477359544,0.000339358141505939
0.000407087472834423,0.000240275744599697,0.00039555924992068
0.00115709291546215,0.000483139701853348,0.00115695479444107
0.00219416152743479,0.000507624025636104,0.00219416151835242
5.69396919782828e-05,2.14197645043679e-05,5.69326835449969e-05
0.000591291823311743,0.000242324797236671,0.000589382748390889
0.000847861213193115,0.000263319736937532,0.000847860670440592
0.000390120704988504,0.000210796628017352,0.000389634673921069
0.000390049292578496,0.00011526872186803,0.000390032526990135
0.000667284676097491,0.000127237725825575,0.000667284541459992
0.000628679638581074,0.000287736276173298,0.000627756549228986
0.000569555905626484,0.000121821015089593,0.000569551336223999
0.000565140660481712,0.000141624510196049,0.000565090066545026
0.000448646869343852,6.21299182562492e-05,0.000448620571565378
0.000772454937473164,8.19438820123155e-05,0.000772436026246071
0.00103310089668032,0.000659281007592225,0.00101630616589392
0.000104881791079932,2.30319789195162e-05,0.000104821412478594
0.00899426533789224,0.00026825999140607,0.00899426533782638
0.0134896654749771,0.00159513646187734,0.0134896654745655
0.00334458548814212,0.000467104352031175,0.00334458548392024
0.000328420107872854,0.000143187299238349,0.000315331406433294
0.00365899905567794,0.000176223884097808,0.00365899904876755
0.000497278813475603,0.000165545488348082,0.000497276269441644
7.06274315104056e-05,2.28331338868841e-05,7.06129405849161e-05
0.00452736412484271,0.00016205678392254,0.00452736412476518
0.00037369613350109,0.000140060255953073,0.000373696131386142
0.000474725049075574,0.000288723751493927,0.000463345050654067
0.000216153909580131,7.47716169141744e-05,0.000216153908815673
0.00222368629884156,0.000497955194665476,0.00222368629760277
0.00703365329562871,0.000219900254029671,0.00703365329562777
0.000135981155312322,8.28543617623856e-05,0.000135980957519385
0.00544517110064648,0.000455459511104605,0.00544517092080913
0.00397853853709393,3.78018255567599e-05,0.0039785385370699
0.000874310323360503,1.58793252360828e-05,0.000874310323360501
0.00041273646150465,1.39438995283641e-05,0.000412736461504396
3.88949378884298e-05,1.29998231953467e-05,3.88587304471419e-05
0.00042591308552446,9.50703977649729e-06,0.000425913085524458
0,0,0
0.0100566133480244,0.00361758866031198,0.0100566076709966
0.000253415479763094,0.00013171582922848,0.000230250586406054
0.0016157965751577,0.000520587452442278,0.00161577750571105
0.000868638752868972,0.000332231521494916,0.000865751553683724
0.00498526816671819,0.000823495181644604,0.00498526815403261
0.0125234206794658,0.000799454710664593,0.0125234136055409
0.00756677098522424,0.000834187504950991,0.00756668426413475
0.000372314579079712,0.000194930550963414,0.000348288517255147
0.000841555475714174,0.000329214758159567,0.000833463679710371
0.0124265020740004,0.00295985426079026,0.012423047607594
0.00684709337703556,0.00174464057875041,0.00684657262626048
0.00120380804143072,0.000396030561714644,0.00120043811671926
0.00303888079045278,0.000635885360233525,0.00303817038670538
0.00302261077151537,0.000983508394339861,0.00302260206023464
0.0155563361677299,0.00267565057173851,0.0155563361365026
0.00178406994764609,0.00054545111754857,0.00178358861789846
0.00111880995711361,0.000151908609871633,0.00111744194205294
0.00239638992192253,0.000312578282754764,0.00239499973945972
0.0033734190563524,0.000354519938794275,0.0033734190531552
0.00917894287854424,0.000149372686591809,0.00917894287852592
0.00115407022873562,0.000242457347363726,0.00112085267291572
0.00250166308782493,0.000445806706624478,0.00250162962963983
0.00792152173820353,0.00174448163910201,0.00789976888092868
0.000859840993903137,0.00050928134441497,0.000716915740226786
0.0232571435462925,0.00163648946055577,0.0232571435357829
0.0130815006439995,0.00220226230604769,0.0130815006426808
0.0132191612447273,0.00151682722316111,0.0132191459776067
0.000178393787345262,7.34044338764626e-05,0.000163111435510025
0.000705512197221045,0.000218676483863483,0.000685290256529099
0.0013090334539559,0.000518649020806637,0.00128283924418572
0.000196077508480169,0.000125674116286975,0.000173273653571973
0.00164135172512703,0.000326560028319603,0.00164089016461356
0.000601328839079438,8.23965871687579e-05,0.000601302996909965
0.00243468832752832,0.000634789128503684,0.00241495648462372
0.00385746429210295,0.0016186973215768,0.00361137596467401
0.00677142260760633,0.00181328347302459,0.0067714225674347
0.00634579441150866,0.000207974622645754,0.00634579441150744
0.000510075074068046,0.000236280317718052,0.000510032032092814
0.00416489589611821,0.00154400074996622,0.00414288963055665
0.00405018051752477,4.75556570115299e-08,0.00405018051752477
0.00151297580444234,7.48050339030771e-05,0.00151297580442388
0.00102616585762188,1.84295810765328e-06,0.00102616585762188
0.000118456008650841,5.12582378690066e-06,0.000118456008610149
0.000798342980459098,3.15526566761138e-06,0.000798342980459095
0,0,0
0.00028398725558401,9.47780958904789e-05,0.000283981837775439
9.54992203993562e-06,6.59505502006248e-06,9.04523739075962e-06
2.93181316781299e-06,1.7143087643162e-06,2.9312024136671e-06
2.04294781202769e-05,1.30244836156108e-05,2.00887594958206e-05
2.00913879572009e-07,2.00913879572009e-07,2.0034543388097e-07
0.00189340202338644,0.000344402282097213,0.00189340202310224
4.14676787077262e-06,1.95181384645371e-06,4.14280086582677e-06
2.40148041329331e-05,1.15622986790543e-05,2.38122685015256e-05
2.30798324931858e-05,1.53796817653457e-05,2.30552211097607e-05
0.00043356462849938,0.0001861308861884,0.000426664513149388
0.000480604088797815,0.000265545161395507,0.000477159094945078
0.00364719355525572,0.000781196124522174,0.00361796348313001
3.8905379962092e-05,2.49688827076313e-05,3.86106304128224e-05
4.85778689665328e-05,2.77785616231326e-05,4.83386336456379e-05
3.99738407573534e-05,1.80031651160969e-05,3.99707193716687e-05
5.95565611698999e-05,2.81957756683598e-05,5.94955118722935e-05
0.00114565967209099,0.00039740693553771,0.0011337514427802
3.0238573125509e-05,1.32963229543065e-05,3.02349327848792e-05
0.000108318048082583,2.40347837215807e-05,0.000108318047933867
9.95286060312317e-06,8.57028766391172e-07,9.95286059829032e-06
6.8514035674236e-05,4.22704171937011e-06,6.8514028954135e-05
0.000673249408558183,0.000149637796036027,0.000673232716021982
0.00022300330702441,9.59638651371857e-05,0.000221122647775705
6.39586336133851e-05,3.17472069162497e-05,6.10191555225211e-05
0.000604032634865736,9.0577539468029e-05,0.00060403263484738
0.00147962594449334,0.000426605411432559,0.00147962594428002
6.21129347513047e-05,1.66226169264862e-05,6.21124502096666e-05
5.54406583871835e-06,2.05463922941869e-06,5.53876925952775e-06
0.000158762163083414,4.73724598630468e-05,0.000153919033233591
6.4550377576219e-05,3.40158068988016e-05,6.38479816104491e-05
3.07603651732864e-05,1.55183495685209e-05,3.06631607212445e-05
5.93870732831463e-05,1.85415393720462e-05,5.93480138122498e-05
0.000781611332812906,0.000392531378297887,0.000781436622480357
0.000124214294493887,7.20103290161747e-05,0.000116521484311443
0.0039832034709582,0.00147187771954915,0.00381647436455463
0.00167631584332529,0.000392611488033105,0.00167617420444676
0.000186122222270912,3.03190210369409e-05,0.000186121256117274
0.000808943242322876,0.00037815889116169,0.000808894137697578
0.000836370263971947,0.000446250024763936,0.00083487631413384
0.000284779358054226,3.1989408557615e-05,0.000284722337653795
4.91333889766338e-05,2.7994981964294e-05,4.9133324267289e-05
0.000413265574871123,7.14350993643692e-06,0.000413265574869467
3.83023108406781e-05,1.27008284579179e-05,3.83020641247179e-05
6.55154273858757e-05,2.09574598454009e-05,6.55154272602998e-05
0,0,0
1.01440456173456e-05,3.73111270302298e-06,1.01440456173456e-05
3.77545160650346e-05,2.14799508501009e-05,3.6614804304473e-05
4.27484147198696e-08,4.27484147198696e-08,4.27382717611718e-08
7.00344694300675e-07,6.1462623323414e-07,6.99194953284766e-07
0,0,0
0.000139632190186444,1.79560403194973e-05,0.000139632190185404
6.05374890363434e-07,4.16254518334566e-07,6.05330032526046e-07
2.98920335931671e-07,2.37978661818989e-07,2.98825677220198e-07
8.07797804086222e-07,6.04554215965006e-07,8.07797803741082e-07
0,0,0
1.32330557681634e-06,9.79961510551238e-07,1.3226876315404e-06
2.65559733276013e-06,9.95015556501649e-07,2.65559733276013e-06
7.91456402655004e-07,4.72202329186429e-07,7.91453825422341e-07
3.75606544516554e-06,2.43685650748479e-06,3.7560654451137e-06
0.000173838571972173,2.07768517661267e-05,0.000173838571968114
5.16898770229705e-06,2.61148754542792e-06,5.16898770228252e-06
1.73951721535579e-08,1.73951721535579e-08,1.73949262347991e-08
1.54945623686375e-06,8.06074747527787e-07,1.54945608257779e-06
5.1294429351605e-06,2.75203467135191e-06,5.12944287829195e-06
1.19709732913654e-08,0,1.19709732913654e-08
4.42861039149635e-07,4.16073829483159e-07,4.42856921297416e-07
1.02082264822844e-05,3.99589629380489e-06,1.02082203645722e-05
5.76139097359576e-05,1.19345893898049e-05,5.76128642122624e-05
5.7495503759037e-06,2.652287024094e-06,5.7482455127122e-06
0.000182651723773715,6.35122643747171e-06,0.000182651723773715
0.000213288195875484,1.22814692353699e-05,0.000213288195875483
5.71178633588015e-06,1.75854705006234e-06,5.71153725602651e-06
1.8658070225003e-05,4.90404850220069e-06,1.86580668723083e-05
3.93430618993734e-05,4.77018175924244e-06,3.93430618918673e-05
1.29643750284509e-05,5.51463040132898e-06,1.2964235658166e-05
1.5664488789845e-06,1.31917082220755e-06,1.56308664451047e-06
3.03851677725985e-05,2.04226370909364e-06,3.03846216672071e-05
4.7784841598026e-05,1.32968173777861e-06,4.77848415980232e-05
1.27292081710123e-05,5.0736567478357e-06,1.27276464960673e-05
3.70306771367784e-05,1.06763534938834e-05,3.70306771365528e-05
5.36196227023125e-05,1.90435875992178e-05,5.36196227022601e-05
0.000285996691852052,4.39928580599311e-06,0.000285996691852052
7.83774824331577e-05,1.42693075381757e-05,7.83774824331129e-05
3.26441262898201e-05,8.16021293566225e-06,3.26441262897991e-05
0.000153790231120917,3.57267123947799e-06,0.000153790231120917
0.000122133722117689,5.36064872380067e-06,0.000122133722117689
3.34162152883356e-05,1.51330442654705e-05,3.34162152883356e-05
8.65380674221529e-06,5.17220789775777e-07,8.65380674221529e-06
1.90423713411699e-05,1.81513387629472e-06,1.90423713411699e-05
0,0,0
0.000336787815823002,8.51734548002467e-05,0.000336787815821919
7.98469319746094e-06,1.72392950513299e-06,7.98468404126089e-06
6.97795848138557e-06,5.66416390214413e-06,6.97570022970125e-06
8.73478154917999e-05,4.75045718218354e-05,8.49934184765313e-05
3.39833553700025e-06,2.87956068059792e-06,3.33581669064576e-06
0.000633519311442484,9.92691625280915e-05,0.000633519311441906
5.28388494119908e-05,1.54333914883869e-05,5.28388492669278e-05
1.08682303049392e-05,8.0945031053473e-06,1.08636874915894e-05
6.87766034858473e-05,3.59260724100751e-05,6.87738125626627e-05
0.000644442571168814,0.000154822029425815,0.000644397694812798
0.000240223202765712,9.18867984511155e-05,0.000240208412152742
0.000163115055583394,6.43177251022481e-05,0.000163035579006509
0.00019742378975706,6.35302675864233e-05,0.00019742250148327
0.000125173779885569,5.05528673962999e-05,0.000125119253027051
6.73894015804587e-05,3.65601030678919e-05,6.73886490678398e-05
0.000190962654801306,7.21328975610698e-05,0.000190960887068044
0.000708878867778951,0.000230693250307198,0.000708688262378496
4.70550106475439e-05,1.6439462977872e-05,4.70549158253332e-05
0.00013148286336175,3.36325339889931e-05,0.000131394853193308
1.61820723540288e-05,1.77832230119845e-06,1.6182072353712e-05
6.02686022424477e-05,2.66797947702265e-05,6.02459467790276e-05
0.000510615288482109,0.000122522402306299,0.000510615288482109
0.000213595816041355,6.43482576387657e-05,0.000213586545522719
0.000126298954633755,5.29101274966378e-05,0.000126098442255332
0.00156149260386537,5.83915604650567e-05,0.00156149260386417
0.00166409688722289,0.000267248276580973,0.00166409688719114
0.000270218755127783,0.000113769595988835,0.000270129153385949
0.0001327210366225,3.69723500244589e-05,0.000131638677353369
0.000352526107695716,6.10355277897954e-05,0.000351840764904404
3.71695460486161e-05,2.34749493614303e-05,3.67877079458815e-05
1.79101108795676e-05,1.49097334251576e-05,1.75733849592961e-05
0.000851120248898339,5.66398998314181e-05,0.000851120248869603
0.000145992785838772,3.57678861596919e-05,0.000145992781549915
0.000142361265060439,5.14120647873399e-05,0.000142356661621181
0.000732271730961513,0.00021383242921009,0.000731794277151697
0.00128076819482555,0.000284005901570892,0.00128076819449093
0.000572398638240976,0.000175577958377275,0.000572398638240358
0.00113739404295949,0.000321595970365155,0.00113739396866998
0.000296903974033555,0.000172663456088121,0.000296831119226222
0.00227356809381441,1.42861252720841e-05,0.00227356809380662
0.000379706387670257,1.05069590467522e-05,0.00037970638766982
0.000991403242444107,4.43280775806422e-05,0.000991403242444106
0.000273589500833202,1.89690880214712e-05,0.000273589500832902
0.000227688501997323,1.8352555597799e-05,0.000227688501997273
0,0,0
0.00192249817318712,0.000469944276209927,0.00192249498070164
9.56812777506159e-06,3.69209132011326e-06,9.56494003873206e-06
0.000109132415962245,5.00124349995547e-05,0.000109098210721951
5.94871471277158e-05,2.18266551430203e-05,5.90919367842682e-05
1.08031772552623e-05,9.12391822039824e-06,6.82652292508376e-06
0.00974565796887919,0.000799161168500365,0.0097456579685317
0.00341606938747534,0.000407911307011318,0.00341601908967151
0.000295324573702982,0.000142786768108404,0.000286084761501294
0.00099862040081864,0.00038924018891339,0.000988706465980132
0.00126865175929632,0.000249442976889131,0.00126746339300342
0.00194278370818182,0.000651471589486553,0.00194241402812069
0.00053646685788393,0.000173085937565095,0.000535741817604379
0.00169118922421918,0.000626603032215688,0.00167787568129549
0.00089301801045193,0.000397574499236962,0.000884322528855751
0.00267282992663334,0.000793520962126726,0.00267254919078418
0.00298549422297043,0.00123462367876415,0.00295867448862574
0.000460962823631948,0.000152024769970804,0.000460778868051414
0.00113532831150404,0.000379911760403083,0.00112865102863359
0.0076732607308425,0.00126212619882918,0.00766466198582326
0.00273035925402506,0.000339071910439126,0.00273006585853599
0.000825313501893135,0.00021938472584872,0.000814142872614025
0.00241049032003875,0.000382739985448337,0.0024104188995106
0.00210209973413959,0.001323558146504,0.00205118165436102
0.0023515784638354,0.000863324352515558,0.00225598746103842
0.00855993962672586,0.00103827851886439,0.00855993960680809
0.019850454664774,0.00227302766503201,0.0198504546624721
0.00430343855798164,0.00106427641476037,0.00430163871775688
0.000335393050586927,0.000107080645198886,0.000321932726588955
0.000157157331747245,3.42964981320913e-05,0.000157095010765613
0.00307341799353009,0.000883868356613818,0.00305905127496566
0.000221061998256239,0.000135743939823018,0.000215302684911931
0.00517023214328613,0.000296526522971331,0.00517023214279138
0.000674153548753032,0.000136411982717174,0.000674147337787581
0.000886542782212772,0.000489319327236559,0.000857622170618605
0.00159839027595007,0.000657741102888071,0.00159779499397713
0.00257278010819886,0.00150280188712559,0.00256806986564804
0.00245516750408692,0.00077771068766404,0.00245516750408211
0.0085971759778179,0.0020529023122987,0.00859717487935154
0.00639212402504393,0.00130214428912236,0.00639190269298398
0.00433401067170832,0.000296739973038341,0.00433401067077114
0.000917791937120345,8.80301432263173e-05,0.00091779193711998
0.00532874127149145,0.000283949845840611,0.00532874127148957
0.00150076569303455,0.000216532979097319,0.0015007656930334
0.000581648934999002,0.000121923866046867,0.000581604808902144
0,0,0
0.000364679019343599,2.20449810066634e-05,0.000364679019343583
1.32720172107905e-08,0,1.32720172107905e-08
1.8156775681638e-05,5.92888473146102e-06,1.81567756816377e-05
3.02742723899913e-05,8.87612875741859e-06,3.0248356048404e-05
3.54541269009016e-06,2.41034916808783e-06,3.53894668821346e-06
0.000631932082597275,3.38865658601433e-05,0.000631932082597154
0.000103061811425261,9.0324356846665e-06,0.000103061811425254
2.34393610897884e-06,1.02845781985546e-06,2.34389232407462e-06
1.79474863196086e-05,7.49063693909146e-06,1.79474862633213e-05
0.000168718157856541,2.75472679219185e-05,0.000168718157848071
7.49570526895574e-05,1.91866094543434e-05,7.4957052656888e-05
4.19858896240802e-05,8.28770501458559e-06,4.19858896124494e-05
2.61297341843577e-05,6.38910767503439e-06,2.61297341722838e-05
4.40056381481672e-05,1.48304417149627e-05,4.40056381474503e-05
1.61508456521527e-05,7.17569677350644e-06,1.61508169064426e-05
5.77407597129053e-05,9.58568221023129e-06,5.77407391969495e-05
2.33277707276109e-06,1.03043793223927e-06,2.33277706989528e-06
2.20274779492167e-05,5.25316440463067e-06,2.20272332072632e-05
4.3897853714421e-06,1.68484698449845e-06,4.38978527794436e-06
2.20374129810597e-06,3.85410382932796e-07,2.20374129810056e-06
5.63889235966128e-07,5.0670352808675e-08,5.63889235966128e-07
5.71305512891755e-06,1.78674558716852e-06,5.71305512891755e-06
4.96961639622458e-05,1.39912199374401e-05,4.96961639534831e-05
2.41309451809391e-05,5.03729407216256e-06,2.41309451767635e-05
0.00042401450864009,1.84856316868019e-05,0.000424014508640069
0.000448309430540952,2.64627516293351e-05,0.000448309428984428
6.56883086364176e-05,1.40281057672009e-05,6.56883086290652e-05
1.21524866821893e-06,6.33233986534388e-07,1.21509800230594e-06
7.40468877845991e-05,8.42443004696185e-06,7.40468875819136e-05
1.07298753864171e-05,7.04998378123228e-06,1.07265278604577e-05
1.76474445608621e-06,1.0263516349219e-06,1.76474424724735e-06
0.000141035932721375,1.57053077979856e-06,0.000141035932721149
4.87200120701532e-06,1.30233742375988e-06,4.87200115454231e-06
3.13998728468243e-05,5.39987671043746e-06,3.13998728467555e-05
3.9861826037977e-06,2.25449855410464e-06,3.98618256250786e-06
6.29426838391904e-05,2.10259284145915e-05,6.29426838389741e-05
0.000228986876080381,8.06400235908967e-06,0.000228986876080381
6.59152080020518e-06,3.8975194096377e-06,6.59152063515416e-06
1.70074374750676e-05,4.55906825807614e-06,1.7007437471952e-05
0.000307933381210235,4.24879277045885e-06,0.000307933381210232
8.67970297283644e-05,2.65266029684017e-06,8.67970297283644e-05
0.000126837290995072,2.51148973301589e-06,0.000126837290995072
8.73154527666039e-06,3.7241389970969e-07,8.73153488602037e-06
1.89888316589486e-05,9.93445933415972e-07,1.89888316589486e-05
0,0,0
0.00365662420039593,0.00077519187233758,0.00365662420026961
0.000378377235993322,0.00014038729323394,0.000367690818934636
1.54142597360634e-05,1.23326578138281e-05,1.54142597360634e-05
0.000109376680752732,5.84565981265987e-05,0.000108154279978065
6.5029074509152e-05,5.76369173859712e-05,2.79488245297382e-05
0.0170422553497959,0.000933733894196777,0.017042255349355
0.000523228992346831,0.000218689240161578,0.000523227963439664
0.000485031203380967,0.000280383956083581,0.000445605881508272
0.00281746281763934,0.00131623908146672,0.00271125910332872
0.0042274989565881,0.00139130918813235,0.00396936368295623
0.00591439282054357,0.00325058220048099,0.00562246912771682
0.0011198971170175,0.000555112347277019,0.00111308098556014
0.00383939020687438,0.00240263573914547,0.00329918507121691
0.00135452833346094,0.000804319161490037,0.00121695393893408
0.0100671222345763,0.0042192564946589,0.00979529772148432
0.00380266556750512,0.00179673178852568,0.00354214174483797
0.00845275939488086,0.00101212227050345,0.00845261180405054
0.00479068219963386,0.00191358323710692,0.00461459593122905
0.0114285448424659,0.00286417947580081,0.0114059358305638
0.0211001397307987,0.00430642635325914,0.0210022161134564
0.00147217142471855,0.000584044312256567,0.0013557245195651
0.0123327472453756,0.00200952530195946,0.0123327472453756
0.00929848820949589,0.00285873205993446,0.00916686839941013
0.0028510056920182,0.00234356074464707,0.00147216616320294
0.0287542778143572,0.000711030853325358,0.0287542778090754
0.0562692045999701,0.00506003862174224,0.0562692045696391
0.0064600898003918,0.00230098779273011,0.00639829749475711
0.00142864146292056,0.00063035815795853,0.00122453043693659
0.00100586307973718,0.000307014735311412,0.000928282743061627
0.00379943545558249,0.00138165800754331,0.00361653014903851
0.000259132734260717,0.000215370619124998,0.000191937610244256
0.0220522199032853,0.00138977397165866,0.0219968487860592
0.00691582322057192,0.000944015813979249,0.00691582312810029
0.015924967313052,0.0028078569614012,0.015820897168685
0.0071787913856207,0.00158757548429451,0.00717873795684591
0.0129107881202122,0.00230545304159122,0.0129107655135775
0.0169901052287453,0.00142850086978675,0.0169901052285842
0.016045366951932,0.00338121511358749,0.0160452733521753
0.00761366699969846,0.00326716828128195,0.00758121450884496
0.0150086215654714,3.4992033086149e-05,0.0150086215647434
0.00246326129229741,2.79791309847626e-05,0.00246326129229583
0.0227805364573052,0.000151355876744454,0.0227805364572974
0.00107527473269721,0.000244057683670292,0.00106264194905997
0.00215176985146123,0.000363249783765649,0.00214232569994791
0,0,0
0.00117868613547237,0.000287340898896267,0.00117868613545251
1.4739985130193e-05,1.72281921312734e-06,1.47399850767269e-05
0.0054555390091604,0.000661036081566964,0.00545253385374566
0.000987587300753598,0.000241605367292091,0.000985205112877535
8.3220588812411e-05,4.81563299582773e-05,7.4315735435881e-05
0.00087042513836874,0.000124734420001347,0.000870425138362907
2.61999987758386e-05,9.08327047616812e-06,2.61999986294007e-05
2.86334234841441e-06,1.70880080578577e-06,2.83511335599737e-06
2.23216324005286e-05,9.88356114877191e-06,2.23216323390447e-05
0.000490742472638995,0.000117859708864497,0.000490742214724212
0.000112200643413918,3.88489229783204e-05,0.00011219998319089
3.6817015140836e-05,1.53474393811319e-05,3.68170151398224e-05
4.08518234851309e-05,1.71888356196765e-05,4.08517150354992e-05
0.000142170677097436,5.31664827409338e-05,0.000142160959662636
0.00367947643834395,0.000486239719676344,0.00367947643467361
5.80328295105931e-05,1.91201043319825e-05,5.80328295087347e-05
4.83571155844995e-06,1.18918304337997e-06,4.83571155707765e-06
3.13939285154106e-05,6.74240409663508e-06,3.13939285098937e-05
3.30431547578439e-05,6.98868089725674e-06,3.30431544997346e-05
2.9779928837339e-05,6.78769706985746e-06,2.97799288241832e-05
1.27846078301946e-05,1.61874027720398e-06,1.27846078301946e-05
0.000123992421700755,3.97424425082795e-05,0.000123992421700755
0.000386209050365774,0.000109576075324638,0.000386207451516291
3.42815959298511e-05,1.89166570826273e-05,3.35058154059772e-05
0.00385454508468012,0.000362570690000591,0.00385454508467807
0.00711731718257133,0.000554838814523358,0.00711731718253214
0.00392578722571217,0.00041193325715346,0.00392578722494962
7.22269840427963e-06,2.78545456108289e-06,7.07785290452651e-06
8.99698314241336e-05,2.79657306851816e-05,8.98975058549514e-05
0.000428427681110852,7.44761558028989e-05,0.000428427680935654
1.03590715288211e-05,5.33722154195199e-06,1.03585792617876e-05
0.00038918373600705,5.54960597137135e-05,0.000389183736003661
0.00011462156897867,2.32934255138039e-05,0.000114621568978622
0.00088169611874133,5.5126992308276e-05,0.00088169611873031
9.94006849108938e-05,1.99672749972777e-05,9.94006849108836e-05
0.00214080886457905,0.000182281413992791,0.00214080886457743
0.00405220711809363,0.000185332027144118,0.00405220711809315
0.00270278270767119,0.00025740649170855,0.00270278270765693
0.00155540451769607,0.000139692179007881,0.00155540451764848
0.0025517567519661,4.59163106461802e-06,0.00255175675196575
0.00258343165055066,8.98773491722529e-06,0.00258343165055066
0.00348025630349689,6.87704311254997e-05,0.00348025630349688
0.000688766430417331,2.63336237253126e-05,0.000688766430417331
0.00166347717685438,1.19263751047408e-05,0.00166347717685438
0,0,0
0.000104546425860747,3.7564444534373e-05,0.000104546425858507
8.85261024394577e-06,8.29620560414419e-06,8.83261915974917e-06
0,0,0
2.36036555371685e-06,1.16021473163504e-06,2.36036523376401e-06
5.31379363053256e-07,5.04936281883756e-07,5.30792423945305e-07
0.000140345607509023,9.14607125974339e-06,0.000140345607508487
0.000343840571559115,5.70775378347438e-05,0.000343832401944337
1.12372812247878e-06,7.33810137570186e-07,1.12289439945958e-06
4.35754936349514e-06,1.57368906747312e-06,4.35751068372927e-06
3.10074115345303e-06,1.04233797116981e-06,3.10062248936585e-06
1.89920038892419e-06,9.81256261884535e-07,1.89920036697231e-06
2.16739291704481e-07,2.00727364571993e-07,2.16739206623996e-07
1.04980358061122e-05,3.67919086835297e-06,1.0497772923322e-05
9.08789176832216e-07,5.29684319475018e-07,9.08789176832216e-07
1.91460542382111e-06,9.11152254520008e-07,1.91460461593508e-06
6.37103365642134e-06,2.37721348280895e-06,6.37103365629853e-06
0,0,0
0,0,0
1.21617498772673e-07,2.78361913803601e-08,1.21617498772673e-07
4.16468292643909e-07,8.64280762093831e-08,4.16468292088243e-07
6.7805202646895e-07,5.93852250869555e-07,6.78043346233114e-07
3.94579939720425e-06,1.33053990791851e-06,3.94579939720425e-06
6.53634855829235e-05,2.55275485251309e-06,6.5363483684525e-05
2.02731253596307e-05,1.24533555780201e-06,2.02731253596177e-05
0.000101714788772929,7.70388259724045e-06,0.000101714788772414
0.000213795298409374,1.88170385772555e-05,0.000213795298409254
7.8482334778726e-05,7.28118047295394e-06,7.84823346840803e-05
3.06682640162717e-06,8.77423930676401e-07,3.0667856333999e-06
6.53682971582919e-06,9.04029568654513e-07,6.53640404989361e-06
1.98286379390409e-05,4.66988124502716e-06,1.98286379373707e-05
1.75718020499381e-06,7.28688372974358e-07,1.75710945457447e-06
0.000129297758943236,1.1657910871538e-05,0.000129297758943137
4.44654890925656e-06,1.16532334076963e-06,4.44650052371957e-06
1.80576216725837e-05,2.66510144977249e-06,1.80576067648383e-05
3.05472563601093e-06,1.42298481745959e-06,3.05472557547009e-06
3.43540792775921e-06,2.24146410902465e-06,3.43539968253109e-06
8.89755550351175e-05,2.24271196465943e-07,8.89755550351175e-05
2.41939977039221e-05,2.81370648560822e-06,2.41939977038703e-05
6.95986095438438e-06,2.14923756023814e-06,6.95985978618171e-06
4.52723942475225e-05,2.47320169199282e-07,4.527239424752e-05
2.46288353907245e-05,0,2.46288353907245e-05
6.56953908343903e-06,2.43384426626865e-08,6.56953908343903e-06
2.10723817080831e-06,4.60488215396984e-07,2.10723817080831e-06
6.67720278015383e-06,1.05675852299385e-06,6.67720278015383e-06
0,0,0
0.00125906141694883,0.000398464564443902,0.00125906141691088
0.000237736993063633,6.73263363340841e-05,0.000235316823267374
4.710345612044e-06,3.64105279694471e-06,4.70945725423878e-06
6.31450138797201e-05,4.52288908707708e-05,5.84877330468435e-05
4.17649620681994e-07,3.8351284710137e-07,2.78303976515444e-07
0.00531671432525505,0.000776030716633889,0.00531671432498664
0.00199776806419045,0.000468247428777079,0.00199742639023957
0.000167125534622547,8.24828656583664e-05,0.000165514614500245
0.000675554571946213,0.000395336478573556,0.000656223184033909
0.00432903044259712,0.00200003734272605,0.00405310461789861
0.00685721479601147,0.0025295727871285,0.00684596432463824
0.000573044038003554,0.000198372855019165,0.000572846023906095
0.00293118859067353,0.00132056291778862,0.00284544184862882
0.00104580279091563,0.000525767998084647,0.00100769397269943
0.00553044081451741,0.00172999721950897,0.005528996366019
0.00357494783558024,0.0013271651420652,0.00354159902412367
0.0129134769566181,0.0038697850537355,0.0128927283802284
0.00377493537371059,0.00115164248818736,0.00375994654708413
0.00597368092677405,0.00125865476618782,0.00595397453739234
0.00900780117548051,0.0014109497415898,0.00899950091439078
0.00122610234058673,0.000346630167546602,0.00116463950621345
0.000841394104904056,0.000233736694115728,0.000841394104904056
0.00242696566166041,0.00124459129253281,0.00237441485437636
0.000492355560589941,0.00039359289317987,0.000314462433568526
0.0113170815766492,0.000227572313299076,0.0113170815746905
0.0204657776767939,0.00221198298431982,0.0204657776721851
0.00163070867116091,0.00055325603940924,0.00162932006269358
0.00087711097249267,0.000515475756508858,0.000656876854117359
0.00128703048095664,0.000451771362263874,0.00118690033421729
0.001051502036972,0.000582186904083135,0.000989210682349997
0.000219096775981442,0.00011370480298214,0.000206550358146085
0.0111265407781226,0.000934452232647003,0.0111265407698933
0.00119462164939564,0.000338221591617861,0.001194616266065
0.00109063212665219,0.00051119845720542,0.00104555657604764
0.000683198013519648,0.000299956546853942,0.000682784848617512
0.00563507880688234,0.00124785385378114,0.00563507878913135
0.00896757969854862,0.000400955973281027,0.00896757969853657
0.012135654634129,0.00159804849786512,0.012135654218895
0.00254826190142335,0.000955560650060121,0.00254822077689961
0.00367532593008644,4.02208647241059e-05,0.00367532592957332
0.00365152281902095,5.09915835064826e-05,0.00365152281899784
0.00611104895629683,7.98712848162037e-05,0.00611104895628723
0.00079088216855367,6.85451682721322e-05,0.000790877015991532
0.00210410218377243,0.000117644423477902,0.00210410218377091
0,0,0
4.77076226577793e-05,2.72497951811309e-05,4.77075738431729e-05
2.33782558122e-06,1.93786056901439e-06,2.337825548374e-06
1.76975017187388e-05,1.00512616084316e-05,1.76975016942366e-05
2.91058534738763e-05,1.46564859738275e-05,2.9105807321531e-05
4.80899784455408e-06,3.64619183533835e-06,4.80897639239844e-06
4.07721059485912e-05,6.41292125737562e-06,4.07721059482415e-05
6.9624381418555e-06,1.88898439854336e-06,6.96243811634556e-06
1.03622531506404e-05,5.02497848007591e-06,1.03621011081115e-05
8.98434013137426e-07,5.08663588409342e-07,8.98255956190341e-07
2.40110448999283e-06,8.99673204431425e-07,2.40110448969303e-06
1.51904845234066e-06,8.27182849457393e-07,1.51902104877997e-06
1.20362450682191e-07,1.20362450682191e-07,1.20361008307277e-07
3.19745483174376e-07,1.99995634354228e-07,3.19745274086861e-07
5.93795754478082e-06,2.77571924694118e-06,5.93795753657883e-06
5.25520673878626e-07,2.81085758670368e-07,5.25520629056718e-07
1.36622877126924e-06,1.7803793558957e-07,1.3662175741031e-06
1.49604032847346e-07,0,1.49604032847346e-07
2.43839540439303e-07,2.23431876825747e-08,2.43839524440761e-07
0,0,0
6.8958080432251e-08,0,6.8958080432251e-08
0,0,0
3.01164109002638e-06,9.19259995178116e-07,3.01164109002638e-06
3.42660251460194e-05,1.86506548980325e-05,3.42522251190695e-05
3.05589906566457e-06,1.97416016202073e-06,3.05483132900793e-06
8.62195653439091e-05,1.55269340583783e-05,8.6219565339121e-05
7.87631309405171e-05,1.2536378367296e-05,7.87631309403273e-05
8.9522569154471e-06,4.01908266733574e-06,8.95225506704739e-06
2.17576345671605e-06,5.42818287412116e-07,2.17548227128034e-06
6.80775517587549e-07,2.39425362782498e-07,6.80775517587549e-07
8.2457518860883e-07,2.50874309821286e-07,8.24574556170826e-07
4.86355989015816e-07,3.33246821676371e-07,4.86355989015816e-07
1.93208670134903e-05,2.18610803662423e-07,1.93208670134903e-05
6.01384149918475e-07,1.27086859457408e-08,6.01384149918475e-07
2.88246091081691e-06,1.2150061826631e-06,2.88244158305467e-06
1.6589357754805e-06,2.99102564740092e-07,1.65893260647323e-06
1.75435719557133e-05,8.67576327208592e-06,1.75435699485356e-05
1.37057382844269e-05,1.12530189039786e-06,1.37057382844246e-05
7.44227076619812e-06,1.01398681626149e-06,7.44226743768834e-06
3.63047617703446e-06,6.89499858300678e-07,3.63047235890893e-06
0.000102935747926016,2.32955133368208e-07,0.000102935747926016
3.20416437359632e-06,1.51995872004756e-08,3.20416437231901e-06
1.73573031860552e-07,0,1.73573031860552e-07
2.16499353607394e-07,0,2.16499353607394e-07
1.9755560010976e-06,8.10084514206524e-07,1.9755560010976e-06
0,0,0
0.000191845134464221,3.65993584630173e-05,0.000191845134430812
1.85311422316305e-06,8.1715095461941e-07,1.85311388574795e-06
4.44459942149777e-06,2.45741994999266e-06,4.4445304073053e-06
2.25613321026383e-06,1.69393567488182e-06,2.25587553484708e-06
5.04930172219886e-07,4.89438752272644e-07,4.98225854100184e-07
0.000235514563346559,2.17054519523712e-05,0.000235514522692971
1.45470493923512e-05,4.77555267348472e-06,1.45470425606661e-05
3.52874354460964e-05,1.51163405453236e-05,3.51859481561725e-05
2.02921155877683e-05,8.57863592262311e-06,2.02921152648348e-05
0.000327053973408474,4.1338677352612e-05,0.000327053973216091
0.000111482541027343,3.09843295428255e-05,0.000111482538442105
6.5096508525506e-07,3.27101624454423e-07,6.50955937646514e-07
2.95257762080664e-05,1.04449468014682e-05,2.95247697549027e-05
1.61174001768829e-05,7.1498751339784e-06,1.61168857800817e-05
1.89328618896262e-06,1.19596213666793e-06,1.8931468797427e-06
2.97416264886933e-05,1.21868684717529e-05,2.97410788960255e-05
1.32910119673865e-05,6.79196714775043e-06,1.32910119614399e-05
9.9813031958845e-06,4.29810125743833e-06,9.98128061829266e-06
1.41682354800816e-05,6.31251398138949e-06,1.41682354787289e-05
1.39938498312404e-05,6.56537580011351e-06,1.39938498311109e-05
1.23602219572294e-05,3.82620454079451e-06,1.23602219570841e-05
0.000126801181959633,2.06875022236404e-05,0.000126801181959633
8.29360147157876e-05,1.46641478498611e-05,8.29360147013554e-05
1.0961196042698e-05,6.30337061194045e-06,1.09410498593695e-05
0.000146644224023681,2.18697230482174e-05,0.000146644224021719
0.000376176241111969,6.85618488000477e-05,0.000376176241110261
0.000384551756792075,7.49602117550173e-05,0.000384551756545805
1.81258834985199e-06,7.86300967717331e-07,1.81187703413263e-06
4.12559956731474e-06,7.50346037861014e-07,4.12559537413928e-06
7.29353919793846e-05,2.47103602535496e-05,7.29343558484891e-05
3.29927209269288e-06,1.887718352018e-06,3.28254565471754e-06
2.85234356568378e-05,1.13612531550601e-06,2.85234356568376e-05
6.69650603733969e-06,1.46271491398704e-06,6.69650603733897e-06
1.15932349821589e-05,2.62987672524e-06,1.15932331158721e-05
7.37182349285906e-05,1.4535743997795e-05,7.37182349266695e-05
4.48224671633625e-05,1.37090243768678e-05,4.48224671565578e-05
9.07254456324011e-05,2.47046384574093e-05,9.07254456324006e-05
0.000113473062386208,3.17819200018839e-05,0.000113473062369655
7.46433805369161e-05,2.32208554252748e-05,7.46433448280181e-05
7.06610743454148e-05,2.11989241943628e-06,7.06610743453883e-05
1.82671259719525e-05,2.09253107017047e-06,1.82671259719524e-05
6.54264570043475e-05,7.13483382507206e-07,6.54264570043475e-05
6.48462772562061e-06,1.05737459270645e-06,6.48462772562061e-06
1.30319015014057e-05,1.69745370199109e-06,1.30319015014057e-05
0,0,0
9.16605864999917e-06,3.66430167743639e-06,9.16605855748397e-06
0,0,0
0,0,0
1.30556618425884e-06,1.05326531771068e-06,1.30081889778469e-06
0,0,0
3.82726567858959e-05,4.50639644507256e-06,3.82726567858955e-05
2.48389267555012e-05,6.82998301991597e-06,2.48389267535052e-05
7.42477495844935e-06,4.75437064342124e-06,7.41819977259691e-06
3.88739104931443e-06,2.55355405121324e-06,3.88544931691323e-06
0,0,0
3.09848123700796e-05,8.83928846649834e-06,3.09848123675079e-05
7.80395441108265e-07,4.58708750748064e-07,7.80340924785605e-07
0.00030259514650995,8.03952250987596e-05,0.000302595146384456
2.93706423086764e-05,1.24790527626871e-05,2.93650935233871e-05
0.000189201106823086,5.91396824061518e-05,0.000189201106768438
2.69878603495645e-05,7.79029919056152e-06,2.69878362899702e-05
1.79803928394047e-06,6.64935607188487e-07,1.79802657912962e-06
1.78921289284974e-06,8.29511705476477e-07,1.78920110814625e-06
7.007546705093e-05,9.9868021823319e-06,7.00754670501122e-05
1.41224352730065e-06,1.83786809110254e-07,1.41224352730065e-06
9.69357223575322e-07,2.48773195108331e-07,9.69352885385875e-07
3.69468680684363e-06,1.10896342853175e-06,3.69468679886054e-06
2.1901333911768e-05,8.77925568988881e-06,2.19007934443273e-05
1.05613982174866e-05,5.52712535195377e-06,1.04896847291602e-05
0.00024726533165067,3.38288878394045e-05,0.000247265331649604
0.000531030535727677,0.000103339567930564,0.000531030535725265
5.96109654478847e-05,1.65474124152359e-05,5.96099293467959e-05
2.59748934683374e-06,1.70317718130815e-06,2.59396411269125e-06
0.000164336126704487,2.71461749909798e-05,0.000163825269305137
1.50878290463583e-05,9.35221740891252e-06,1.507979816792e-05
8.2110156278275e-06,6.81532642027741e-06,8.1871909110204e-06
4.69971400923785e-05,2.81462500260042e-06,4.69971400922463e-05
1.96812437316062e-05,5.57114136407274e-06,1.96812437096339e-05
9.12114019152163e-05,3.43538453059907e-05,9.02477946650558e-05
0.00117092790792355,0.000221505587298889,0.00117052584840021
0.004313862457595,0.0009592349432992,0.00431385546563984
0.000136056253667702,3.02796875510337e-05,0.000136056253667698
0.00149735687225286,0.000288133960033574,0.00149735687185965
0.000141370472272617,5.02319381339854e-05,0.000141370457746447
0.000128007850729387,2.94947297826821e-06,0.000128007850729223
1.14101632140597e-05,4.01915694824043e-06,1.14101630955249e-05
6.38098939031289e-05,2.81921735328826e-06,6.38098939031288e-05
7.79815551277106e-06,1.63916209210696e-06,7.79815547895271e-06
1.08290761382105e-05,5.4410070204391e-06,1.08290761382105e-05
0,0,0
0.000108123060213526,3.56121110767818e-05,0.000108121589640078
8.86245830163182e-07,7.14301696758182e-07,8.85939896498994e-07
0,0,0
7.43242951056905e-06,3.99416008676745e-06,7.43228564082334e-06
1.1884351129539e-08,1.1884351129539e-08,1.18705352114409e-08
8.5156105382439e-05,7.97563546090834e-06,8.51560019472602e-05
2.70503873106855e-06,7.60701892202591e-07,2.7050386288248e-06
0.000123351819448608,3.25504261185509e-05,0.000122906708722267
6.6457924604661e-06,3.22045176363361e-06,6.64571280875403e-06
1.06724483403678e-07,3.3987249652855e-08,1.06724186701178e-07
8.28224611325155e-06,3.03065552509141e-06,8.28224210804522e-06
2.17108308729813e-06,9.65790205129573e-07,2.17099873001001e-06
4.22428567497191e-06,1.96001850501636e-06,4.22428149983332e-06
1.86238864220072e-05,6.24115903653877e-06,1.86238864219321e-05
2.52009581127036e-06,8.7487266003e-07,2.5200958110883e-06
2.42215094382527e-05,8.09000925137485e-06,2.42210573442347e-05
1.3320870975313e-05,2.06301798950014e-06,1.33208709750868e-05
8.40897664248488e-06,1.75130164569661e-06,8.40897664214021e-06
5.52699002227335e-06,7.60766228079131e-07,5.52699002227283e-06
4.08899030513908e-06,7.31162057062965e-07,4.08899030513852e-06
1.74042374757874e-06,4.77899006105264e-07,1.7404237465934e-06
1.63060091126954e-05,4.13586422660703e-06,1.63060091126954e-05
5.40530082910935e-05,1.56350754968772e-05,5.40527395220432e-05
8.25604231997778e-06,3.93810106627366e-06,8.25578458029524e-06
0.000156617427468681,3.17675798483188e-05,0.000156617427167379
0.000317584508061102,4.00477288712223e-05,0.000317584508059216
0.000158249113094769,2.09108575288898e-05,0.000158249107950987
3.92625453190478e-07,8.69302740423964e-08,3.92625031430921e-07
1.66012501842377e-05,1.35932182545188e-06,1.66012501804466e-05
4.88980458168564e-05,2.88717144087033e-05,4.88980409855955e-05
4.20737816132263e-06,2.19425685559431e-06,4.2073752170479e-06
2.63547565887848e-05,7.59379260865345e-07,2.63547565887846e-05
4.10140411786642e-06,1.00241217147459e-06,4.10140411786575e-06
1.31650187611072e-05,4.54626991128046e-06,1.31646248724945e-05
2.22234403705799e-05,1.17945140523584e-05,2.22234402453656e-05
3.24775832394519e-05,1.29374066527592e-05,3.24775832097745e-05
8.89402238494396e-05,1.96278093045192e-05,8.89402238494388e-05
6.93784436225486e-05,2.28809272254548e-05,6.93784435757372e-05
6.53692505430351e-05,1.41515046710515e-05,6.536909349837e-05
0.000104743917123912,2.11052450529917e-06,0.000104743917122129
3.84402712986592e-05,1.12468571115675e-06,3.84402712986591e-05
2.5700711384461e-05,6.04307474391979e-07,2.5700711384461e-05
7.67453399703606e-06,4.33341733911918e-07,7.67453399703606e-06
4.76543087622297e-06,1.90683931307711e-07,4.76543087622297e-06
0,0,0
0.000721162081256196,0.000154706522340188,0.000721162081253485
1.35750118727754e-05,9.05094190344305e-06,1.33468430191347e-05
4.04987317025663e-07,3.47754637888772e-07,4.04970882588226e-07
8.68784447669462e-05,4.49005156545946e-05,8.61783717984149e-05
1.393082774604e-05,1.02672247209683e-05,1.38312129584311e-05
0.000909457675873757,8.44196098576733e-05,0.000909457675871954
0.00028494665521175,2.06451943416929e-05,0.000284946655211596
9.76098539167858e-06,5.11360262657346e-06,9.76030079828894e-06
1.93714357995056e-05,9.89372027360378e-06,1.93706066854118e-05
1.89569364112585e-07,7.42057109079215e-08,1.89568860980924e-07
0.000196759583130274,7.61749143585326e-05,0.000196664768117911
2.74279639547312e-05,9.63414911874451e-06,2.74279185059302e-05
3.54487770694879e-05,8.40715303218527e-06,3.54487770692142e-05
9.07857638400012e-05,3.74842202206023e-05,9.07857143970815e-05
4.67677623419198e-05,2.40617984806368e-05,4.67677167446125e-05
6.25278394390769e-05,1.42680864920263e-05,6.2527453293228e-05
1.79836274146613e-05,4.5285209300243e-06,1.7983612364179e-05
0.000121978426549489,3.50556126276422e-05,0.00012197450335726
4.24478235585686e-06,6.41481478995689e-07,4.24478235192464e-06
0.00034319559648409,2.16623360011295e-05,0.000343195596484007
7.7781772176344e-06,1.07564582956194e-06,7.77817717110949e-06
4.04502920404759e-05,5.08610210426393e-06,4.04502920404759e-05
0.000160547442035955,3.27719606255889e-05,0.000160547442023197
9.69019226347362e-06,5.3829694293946e-06,9.63921561658739e-06
0.00047191459047878,7.30564559163927e-06,0.000471914590478763
0.000550283712846819,7.19088191976744e-05,0.00055028371284627
6.54502474469249e-05,2.59541228093098e-05,6.54474111421319e-05
1.17115927306505e-05,4.26378224821448e-06,1.16944882024459e-05
2.15727575772035e-05,6.16442594909445e-06,2.15625714003649e-05
3.84123450442983e-05,1.63630225797581e-05,3.84113129952939e-05
8.65414570862355e-06,4.9286858078576e-06,8.6488237715617e-06
0.000211598222473734,7.80435292452223e-06,0.000211598222473682
7.33685055922849e-06,2.36897314595086e-06,7.33683844462629e-06
4.84410041727941e-05,7.05660532310654e-06,4.84410041280981e-05
2.01020835587927e-05,1.10033023985479e-05,2.0101812883475e-05
0.000238924299884148,7.7576178261056e-05,0.000238924299883543
2.36744879667244e-05,1.00814772270486e-05,2.3674487966724e-05
4.83374150364388e-05,3.02969723211222e-05,4.83367855097812e-05
3.23368837733465e-05,2.1181622415033e-05,3.23359001037438e-05
0.000609334199375836,8.26560726672452e-07,0.000609334199375833
0.00017680392791166,6.73758313714068e-06,0.00017680392791166
0.000118550389892466,2.57962256109707e-06,0.000118550389892466
4.44582212125935e-06,8.81991488364869e-07,4.44582212125935e-06
6.02248830048104e-06,1.40941598663112e-06,6.02248830048104e-06
0,0,0
0.00195175277679081,0.000547411287439201,0.001951752776749
1.81984883114881e-05,9.22685355935366e-06,1.79754049082102e-05
0.000746643288430698,0.000421846363424917,0.000745056614095401
0.00044455329017107,0.000304611946683125,0.000417866043465613
0.000152204971783052,2.89155495817643e-05,0.000151429359431812
0.00467874425465381,0.000328948411789941,0.00467874425457427
0.000214186090593182,5.52753592004038e-05,0.00021418608743167
7.7510233062783e-05,4.06730682627783e-05,7.70224716007512e-05
0.000381277925659081,0.000138621267540819,0.000381225493134418
0.000783318423019658,0.00024121421455726,0.00077956601826757
0.000989510139251753,0.000314033662812346,0.000989155954052538
0.000306339093864745,6.18075169891991e-05,0.000306292551753515
0.00054290535235258,0.00018965024500103,0.000540509389415258
0.000428723953194184,0.000203170343673524,0.000421530616200383
0.00109895949216218,0.000465829842585403,0.00109820695622579
0.000728396424334928,0.000235529812070406,0.000727807795415516
0.00396107637372881,0.000677760220070931,0.00395932967012749
0.000776537520743762,0.000262606528863463,0.000769293869816934
0.000495216095721447,0.00012442572019806,0.000495175367590911
0.0112703705635307,0.00079246325482793,0.0112702500350636
0.000196327714558039,9.31429077721423e-05,0.000165272467664067
0.00201422474912059,9.94131611452482e-05,0.00201422474912059
0.000696549656231233,0.00033521691225121,0.00068862263969039
0.000120696332706615,7.65337125833832e-05,0.000104303383199097
0.00623344894111893,0.000131973727568771,0.00623344894108744
0.00604961643218158,0.00121794411361583,0.00604961643124833
0.00497120587464715,0.000355762029820102,0.00497120587109968
2.49057802314624e-05,1.35783513916163e-05,2.271898861562e-05
0.000122666745881975,2.34587323539124e-05,0.000121570265595427
0.000263350865510474,0.000100867340931356,0.000263208331582622
5.24870924113377e-05,2.77787781526107e-05,5.15859153325369e-05
0.000884354835631148,5.16852951840556e-05,0.000884354835611972
0.000107331772125272,2.53014146040016e-05,0.000107331772122807
0.000367233126529087,0.000129702485757409,0.000360828335780747
2.72915504419572e-05,1.29079571590272e-05,2.72877366975905e-05
0.00135100706291184,0.000304667474853432,0.00135100706281298
0.00173670337036714,0.000209903285689469,0.00173670337036711
0.000698987373040247,0.00037261457203721,0.000698987373028672
0.00093158963802721,0.00060132310374266,0.000931564186031106
0.00254852769778861,1.14582207768988e-06,0.00254852769778827
0.000221811882799936,3.37325290483738e-06,0.000221811882799936
0.00106513252793795,2.89601191233305e-06,0.00106513252793795
1.63597813525258e-05,2.28100254931096e-06,1.63597813525258e-05
5.86279870515446e-05,7.94043769194326e-06,5.86279870515446e-05
0,0,0
3.42378344642999e-06,1.20180217186403e-06,3.42378344642999e-06
6.08750102758627e-06,8.12655559171825e-07,6.08750102758146e-06
3.14105725961947e-07,2.57054938823352e-07,3.14046169451278e-07
1.66624708006739e-06,7.81936584180513e-07,1.66624708006739e-06
2.16700357394467e-07,1.94581925490778e-07,2.15573318214589e-07
3.42592174000216e-05,7.61274883199577e-06,3.425921740002e-05
1.2808060566094e-05,2.46208091120674e-06,1.2808060566094e-05
3.26741180687203e-07,1.98181981722376e-07,3.26741179438901e-07
7.3612111871846e-06,4.04260113145654e-06,7.36107370233389e-06
0,0,0
3.51946940055672e-07,2.8872414378021e-07,3.51913413840531e-07
3.89236505191284e-06,1.31292539356122e-06,3.89232154739718e-06
2.52067138034177e-06,1.46490599572236e-06,2.52066593373999e-06
6.59304669496471e-06,2.33788884093261e-06,6.59304669496448e-06
0,0,0
2.67433929968674e-06,1.44738345416743e-06,2.67427718617709e-06
2.83759682633205e-05,5.67372052370457e-06,2.83759682596798e-05
6.63884043510673e-07,2.08777637439676e-07,6.63884043510673e-07
3.9877168831963e-07,7.04069685397828e-08,3.9877168831963e-07
0,0,0
3.35247199169317e-06,9.58715414917477e-07,3.35247199169316e-06
2.36250884704062e-05,4.66002596956459e-06,2.36250884704062e-05
2.14217675933286e-05,1.08778255730529e-05,2.14217675933276e-05
6.84503532958089e-06,2.6697345101443e-06,6.84503532958085e-06
5.87828475576359e-05,1.23530858273106e-05,5.87828475576254e-05
5.79179984036776e-05,9.40311181744151e-06,5.79179984036595e-05
4.06838511874039e-06,1.6733048350456e-06,4.06838511871814e-06
5.69448502042423e-06,1.51793733672918e-06,5.69446689442464e-06
2.07249190244959e-05,2.04468281583587e-06,2.07249188826582e-05
1.1742907455734e-05,3.49690613337629e-06,1.17429074556082e-05
4.25834483798959e-06,2.08750417637138e-06,4.25834457543244e-06
7.8691471024307e-05,3.41865579662167e-06,7.86914710243018e-05
4.34318414938132e-07,2.89645906765701e-07,4.34318414938132e-07
6.24534994207354e-06,2.53027177326735e-06,6.24443567040452e-06
2.06942071974368e-05,4.21533269375787e-06,2.06942071969523e-05
0.000588344883675896,3.59361038199904e-05,0.000588344883668901
2.74542303143095e-05,4.2913583339432e-06,2.74542303143095e-05
0.000222204310802841,3.05158882034058e-05,0.000222204310798888
4.93745995009188e-05,1.82170758735173e-05,4.9374599499259e-05
3.18735687489206e-05,4.62482845820887e-06,3.18661216250142e-05
4.46007918955917e-06,1.05287774744295e-06,4.46007918955869e-06
2.72526154952441e-05,3.97723473740728e-06,2.72526154952441e-05
0.000571781237428866,8.43756176725167e-05,0.000571537059660839
2.90377196097149e-06,8.05014582601193e-07,2.89899384978915e-06
0,0,0
0.000925665555079596,0.000479784301899828,0.000925665120548863
0.000121887220318342,8.90021281583717e-05,0.000120893338563068
0.000558393387247217,6.00860275036896e-05,0.000558393387079333
7.87760675878125e-05,2.56241528982254e-05,7.87750639309271e-05
5.12328102462243e-07,4.06890330510442e-07,5.05480592127174e-07
0.000511539934283054,8.91089570205446e-05,0.000511539909077876
0.000196480218053197,4.56085812087849e-05,0.00019648021805302
2.44822768378397e-05,1.20679878021536e-05,2.44679567769672e-05
2.25478833741663e-05,1.11483395032877e-05,2.25478634879646e-05
0.000142614916980935,2.9695864432642e-05,0.000142614916980003
3.92309828803811e-05,1.8290739406515e-05,3.92309740326586e-05
1.1494077751362e-05,3.26031318481279e-06,1.14940777491007e-05
3.06331396491729e-05,1.08011219718168e-05,3.06331396463421e-05
3.96312289600144e-05,1.53311359186584e-05,3.96312289534582e-05
7.42679291496659e-05,2.12987186581556e-05,7.42679291059102e-05
3.83155367294282e-05,9.34311639686112e-06,3.83155367294211e-05
2.69661295812241e-05,4.0096279778835e-06,2.69661295801735e-05
2.10231743506361e-05,3.99397203241487e-06,2.10231727077895e-05
3.15929041719044e-05,4.29669328710357e-06,3.15929041717605e-05
4.55684993083624e-05,4.38762616063665e-06,4.55684993083535e-05
4.66729676463474e-06,7.53043356477319e-07,4.66729675616045e-06
7.15358349134195e-05,8.85354002804318e-06,7.15358349134195e-05
2.33214449864815e-05,8.37907124269163e-06,2.33214132279026e-05
1.59022657095328e-06,7.82547326243315e-07,1.58350851225681e-06
0.000517651024253721,8.92247186950859e-06,0.000517651024253721
0.000881818379945254,6.89931323438403e-05,0.000881818379944849
0.000210118804279821,2.79226214839749e-05,0.000210118804269848
4.68098609796632e-05,1.34753432044087e-05,4.68085757241205e-05
5.47211524112565e-05,7.62078291015722e-06,5.47211503991012e-05
5.28336930012474e-05,1.01451373847845e-05,5.283369299581e-05
2.26127198167188e-06,1.49963013801317e-06,2.26124768475959e-06
0.000140133475978653,8.82851469064374e-06,0.000140133475978593
2.63260872938605e-05,3.36157645477598e-06,2.63260872938589e-05
0.000162587774070339,1.78054359738098e-05,0.000162587774065668
9.5083605526386e-06,1.50694465640355e-06,9.50836055158333e-06
0.00027741139024646,2.49411905371616e-05,0.000277411390245311
0.000369188705586886,1.0004230072524e-05,0.000369188705586886
0.000280455415765606,1.41265792206005e-05,0.000280455415713243
8.08700022679203e-05,1.25371887670967e-05,8.08699991183995e-05
0.00046072726949032,8.76445057182071e-07,0.000460727269490312
0.000126391227147845,4.31805491672594e-07,0.000126391227147845
0.000168775019606096,8.74303432057172e-07,0.000168775019606096
7.52068398698086e-06,5.17010249460257e-07,7.5206805065578e-06
3.37990172158916e-05,2.12326707028485e-06,3.37990172158916e-05
0,0,0
0.000859622713153323,0.000312155633792455,0.00085962271315102
6.03918834084533e-05,2.47565902462238e-05,6.03866452970849e-05
0.000621778407895138,0.000451623245430451,0.000617259842433048
8.25203542516262e-05,3.81863569326869e-05,8.24811817020449e-05
0.000107798650759805,8.47073301840162e-05,8.71753631950262e-05
0.00250015349150086,0.000460275126105825,0.00250013190160577
9.43974473777729e-05,3.05686200424327e-05,9.43974035317683e-05
0.000173858832289983,9.21836621832005e-05,0.00017007767645485
0.000179753701548805,6.50723940090283e-05,0.000179501427669291
0.00118100680647594,0.000464620436455717,0.00117763145136179
0.00102684785557111,0.000384837922592782,0.00102672002429003
1.57359293498248e-05,7.38047062078952e-06,1.57261357429481e-05
0.000720451702679133,0.00022947698756242,0.000718645870917793
0.000314633610568648,0.000143124338743482,0.000312824718384286
0.000520599549166629,0.00016050567277562,0.00052059813273225
0.00041526219281263,0.000154134582070469,0.000414232973336138
0.00381917032907593,0.000876789002040521,0.00381893115776657
0.00030574308106806,8.93460462429093e-05,0.000305697131826019
0.000224001182394674,5.54809412171011e-05,0.000223280782658506
0.00041865614102144,0.000127004299767643,0.0004186561410203
0.000266713238286736,3.81277734793351e-05,0.000266713238252525
0.000206109451048369,5.4230623352587e-05,0.000206108806424738
0.000527680476774709,0.000159653103092809,0.000527680297104284
6.5479424646614e-05,4.39882613881697e-05,6.01661730488503e-05
0.00176129770481176,0.000128752434566203,0.00176129770480241
0.0055506881699928,0.000615638601300653,0.00555068816953416
0.000240845197305886,7.03921393722322e-05,0.000240827496321751
0.000270116014761166,5.90336140889544e-05,0.000269197781328342
0.000308720630200409,8.73702842252461e-05,0.000300331937148774
0.000270974331223912,9.25706477688046e-05,0.000269841239740121
1.48045110887424e-05,9.19608973183559e-06,1.47284279358323e-05
0.0011399494796305,6.06830765523888e-05,0.00113994947955135
8.78033040014135e-05,2.37399222187733e-05,8.78033040006609e-05
0.000536574696955625,0.000118505166295368,0.00053628857147206
0.000266209661730222,6.85757772506818e-05,0.000266144668222661
0.00564513217617431,0.000334314164066948,0.00564513217609047
0.000343494831533437,3.51529490374797e-05,0.000343494831533384
0.000285772036119078,0.000114540437173997,0.000285762427049153
0.000244818381763301,5.99139410708495e-05,0.000244811460134066
0.0028244198878376,3.72291150060088e-05,0.0028244198878376
0.00290237556296429,8.27764774841402e-06,0.00290237556296429
0.00427911475582428,2.33767630330344e-05,0.00427911475582428
0.000254161213272332,4.49691444117816e-06,0.000254161213272328
7.08580625572787e-05,1.07640122502277e-05,7.08580625572787e-05
0,0,0
0.00214391394650201,0.000999700543815856,0.00214391394649388
6.01874828500939e-06,3.32236820268119e-06,6.01874828500939e-06
0.00101019024670963,0.000496164583024648,0.00100028389879554
1.31604868987417e-05,1.15080396981033e-05,1.28331905924548e-05
8.40249477334753e-07,7.72147404613093e-07,7.51873165944249e-07
0.00150432854200698,0.000220463085037812,0.00150432854200512
0.000234438063912354,3.31849488109998e-05,0.000234438063912274
2.81063623723991e-05,1.23858676066089e-05,2.81023610611258e-05
1.34193253734598e-05,3.98518385965608e-06,1.34193252554578e-05
0.000105466281981089,3.70972513557655e-05,0.000105430284668786
2.68393993711799e-05,1.37995518687812e-05,2.68388969859278e-05
1.03817166953369e-06,0,1.03817166953369e-06
5.66474754633192e-05,2.09747049641555e-05,5.6647475298844e-05
0.000219876280919675,0.000103034612205282,0.000219872510073747
1.81499405719063e-05,6.02689173621828e-06,1.81499405618803e-05
1.28595545398189e-05,2.8217188800117e-06,1.28595545397491e-05
1.35155151864368e-07,0,1.35155151864368e-07
2.0692560532105e-07,1.24065755576913e-07,2.0692560532105e-07
1.62996631711761e-06,9.16936608613328e-07,1.62995064140241e-06
5.2750778130022e-06,2.29347803273934e-06,5.27507755515158e-06
8.8907195093888e-08,0,8.8907195093888e-08
4.7573581068074e-05,7.21066766034112e-06,4.7573581068074e-05
4.19522341533691e-05,1.52587296579789e-05,4.19518217304462e-05
2.95749110680552e-06,1.39935577125142e-06,2.89520190561808e-06
0.00114002934472302,6.50803207385039e-07,0.00114002934472302
0.00591947680268138,0.000664515778646452,0.00591947680263749
0.00133289494566565,0.000100328910048019,0.00133288815349593
9.73328065891469e-07,3.15278494559325e-07,9.52847889186648e-07
2.51317381481492e-05,3.26492441027014e-06,2.51317150994758e-05
1.02466671150012e-05,3.85029737027178e-06,1.02466594695756e-05
1.08169966369786e-05,6.21946209161311e-07,1.08169879820565e-05
0.000206221447070335,5.16010773850223e-06,0.000206221447070317
0.00130323855965533,0.000309242304417438,0.00130323855965479
0.00316090677590495,0.000429365036533903,0.00316090677590442
0.00221420126687552,1.29348554100466e-05,0.00221420126687552
0.00137607643400482,0.000161665957944448,0.00137607643400352
0.00180836645314419,7.21052096664137e-05,0.00180836645314419
0.00189327499831289,0.00032114738627377,0.00189327499831289
1.40235566419053e-06,3.40698213434641e-07,1.40235523518732e-06
0.000252258797902543,0,0.000252258797902543
0.00188494585025952,0,0.00188494585025952
0.00014224824833468,0,0.00014224824833468
1.05296481862816e-05,5.15656917594765e-07,1.05296481862816e-05
0.00192734225022661,9.99331193788995e-05,0.00192734225022661
0,0,0
0.00111154671541094,0.000338337533210822,0.00111153817116781
5.79521795384486e-06,4.21062040329466e-06,5.45766472096198e-06
0.000302431453072957,0.00022537679759515,0.00028700160644455
2.61792094068202e-05,1.28345318026324e-05,2.61573057947026e-05
5.7372597264951e-05,3.86691936518837e-05,4.08696388530386e-05
0.00376995728580675,0.000528394384829145,0.00376995728527544
4.202823148332e-05,1.20389427256482e-05,4.20229581037787e-05
8.78549597069028e-05,4.51398235578225e-05,8.62646550086326e-05
0.000244929502357418,0.000115430875462681,0.000243353375831247
0.000678146272666339,0.000201327669892245,0.000669474845878516
0.0014996857765264,0.000597766011145945,0.00149729622103696
8.58254755972649e-05,4.45694691587073e-05,8.55163586010381e-05
0.000233147981129291,0.000110435875896562,0.000232203282990584
0.000193630083495575,8.17858805678106e-05,0.000193542227994255
0.000295576837517622,0.00011665481430411,0.000295557488789205
0.000672506594417141,0.000245878357821288,0.000671942828834967
0.000643534703231814,0.000150060924372658,0.000643374905509479
0.00018946815479219,8.00730904040685e-05,0.000188356504377322
0.000959242568140247,0.000323748777448073,0.000948399784308238
0.00036767357963613,5.92942286006975e-05,0.000367673579591487
0.000239783325205701,3.22415946369097e-05,0.000239712212920095
0.000518916339783579,0.000167189216826036,0.000518907101808
0.000390633658502127,0.000200255109515238,0.00038805184225847
0.000585412101580359,0.000169635940739613,0.000562738651906844
0.00408646051989879,0.000800539067239958,0.00408627350405408
0.00853768623092963,0.0013732427623789,0.00853768623046196
0.000893526279639492,0.000325453181631412,0.00088946643259286
0.000226463534926605,0.000114141722607246,0.000210243398058311
0.000365215845087026,9.5597662349478e-05,0.00035574544180849
0.000891759380050788,0.000288158277892739,0.000883876743741585
0.00022403726147489,0.000106646333550554,0.000210060396270767
0.000988249445124704,8.69785731221432e-05,0.000988249371978346
0.00061774398591644,0.000202703762582389,0.000617743696887987
0.000261572508147926,0.000148701472406428,0.000253071974612822
0.00170841852570693,0.000596378725208249,0.00170237457021302
0.00191532747357598,0.000851483161460042,0.00191408865711639
0.00373296668480838,0.00029634256643329,0.00373296668480775
0.00528108642026906,0.00145404732461525,0.00528106860600717
0.00258968834009667,0.000943936890427474,0.00258951968811553
0.00338911051021345,0.000124863467367622,0.00338836111685618
0.000508374062290743,7.04461211529097e-05,0.000508350196689112
0.00247943540823902,7.23828475614306e-05,0.00247943540823643
0.000170246017510222,4.38497467394328e-05,0.00017023507767176
0.000181973352662584,5.34295238583028e-05,0.000181973352652228
0,0,0
0.000164424799326946,3.9624251261605e-05,0.000164424799326935
0.000702500583932202,0.000231678575786387,0.000643333167462292
0.00103661426269831,0.000771132493562918,0.000964332864713874
2.89740931204795e-05,1.17057803434796e-05,2.89245985094586e-05
0.000256707117702586,0.000168511147022946,0.00022745247182793
0.00127391316307229,0.000143471626101969,0.00127391316304116
1.01461789476324e-05,4.52721488890351e-06,1.01461689780759e-05
0.000102191052321862,3.73293115159608e-05,0.000102190765921822
6.58726874609903e-05,2.23136682649706e-05,6.58726091574263e-05
0.000182403761186706,5.63014989484985e-05,0.000182156053674555
0.000135206472415965,4.89517488765463e-05,0.000135206464742728
2.21479019441786e-05,9.07379859420844e-06,2.21470421928483e-05
2.92396505624161e-05,1.26846416737152e-05,2.92390736036187e-05
9.13616121115129e-05,3.52312452457036e-05,9.1358761027545e-05
0.000254579933406396,0.000104107001298589,0.000254578710163501
0.000130726229844349,4.35497883138301e-05,0.000130725829487143
6.93991902042865e-05,1.40763101461716e-05,6.93991901377659e-05
5.87682454090098e-05,1.91693335030809e-05,5.87181778952858e-05
0.000139470438379434,3.44785991244371e-05,0.000139470403175872
1.82321163336512e-05,2.49383361595951e-06,1.82321163333204e-05
0.000157416215400734,1.03936530894896e-05,0.000157416139563895
0.000241954250964741,5.60298249522123e-05,0.000241953914031128
8.51871875194333e-05,5.81254366064817e-05,8.45344507352924e-05
0.000113272083447477,6.57129647389121e-05,0.000109663000125434
0.00268288700856397,0.000311026518139949,0.00268288700856242
0.00277680444508746,0.000233242085795114,0.00277680444507414
0.000736867779442629,8.84181142783661e-05,0.000736865813304389
0.00169078216814032,0.000232018938604838,0.0016855137060559
7.60455285408795e-05,2.17174321694645e-05,7.57631090039518e-05
0.000508063316712766,5.85116843861069e-05,0.000508063316636271
3.77525782547005e-05,2.15048351447172e-05,3.77185360453946e-05
0.000478553540619022,3.32474174845161e-05,0.00047855354061731
0.00015155214881985,4.92454831517899e-05,0.000151552148817325
0.000166609162068145,5.88579904924149e-05,0.000166066240684175
0.000651009419129649,0.000110772943469091,0.00065100941908444
0.000649294951428461,0.000225072640963348,0.000649294951404956
0.00167591190385945,0.000124858521928229,0.00167591190385945
0.00151478170229819,0.000214226343004248,0.0015147817022148
0.000881709193035783,0.000167321204359037,0.000881709192953505
0.00244809173058556,4.95293719853457e-05,0.00244809173051364
0.000375559829511695,7.23371400707724e-06,0.000375559829511691
0.00166857271770893,6.04049370289047e-06,0.00166857271770893
0.000174695225359167,5.61293892491556e-06,0.000174695225359165
0.000194386867364908,1.95299767539746e-05,0.000194386867364908
0,0,0
0.00119971339306175,0.000274230471464729,0.00119971339297825
0.000119767378114713,4.24961519708239e-05,0.00011692650566934
6.98532543854693e-05,2.5752677179263e-05,6.98524101235231e-05
1.29055963091627e-05,1.19091297138277e-05,1.26987054261969e-05
4.30883695990536e-06,2.89750723135047e-06,4.22448366195746e-06
0.00307680813526355,0.000226517236982217,0.00307680813481767
2.34620329821e-05,5.073921797729e-06,2.34620328623398e-05
9.99586735207624e-05,4.54007025776487e-05,9.95722717537208e-05
8.13680788505304e-05,2.66075444803984e-05,8.13673754748496e-05
9.52552316282539e-05,2.91864356055668e-05,9.52480498246112e-05
6.80551109166049e-05,2.2611326782509e-05,6.80550904059535e-05
1.49811331933055e-05,5.15213523938338e-06,1.49807916687702e-05
5.82522307466356e-05,2.26640156484774e-05,5.82521930958586e-05
5.59381063753133e-05,2.22440520202623e-05,5.5937979188819e-05
9.79518398510225e-05,3.11217121987192e-05,9.79518398413717e-05
0.000126435427390523,4.45783644215965e-05,0.000126435427384201
2.53585980411103e-05,5.23148095320656e-06,2.53585973978096e-05
1.86520967790776e-05,7.30059245964045e-06,1.86520857121403e-05
6.42853304247882e-05,1.77921051819118e-05,6.42853297160333e-05
8.44318611195568e-06,8.87739123760647e-07,8.44318611195568e-06
3.39693325683329e-05,1.14986750624978e-05,3.39693325477109e-05
2.18194329205773e-05,6.64629344680748e-06,2.18194328881712e-05
0.000182068566960176,0.000119692164563239,0.000181725461293474
4.58566661298784e-05,2.85463998395428e-05,4.56823278531963e-05
0.00180523039592626,0.000285748191676442,0.00180523039590493
0.00209073215095927,0.000198379989658033,0.002090732150948
0.000270868378464827,7.22121816077532e-05,0.0002708673486269
1.44441557935431e-05,7.17928225721532e-06,1.43932851519649e-05
0.000123780544953823,2.28685299553887e-05,0.000123780003979008
9.11664139764537e-05,4.802163591027e-05,9.1165902943282e-05
3.23067295090243e-05,1.89507477107701e-05,3.23048058208224e-05
0.000392584989578696,1.51636164585902e-05,0.000392553145105517
9.41025497436417e-05,2.15154756855151e-05,9.4102549742302e-05
5.47294836679207e-05,1.62463263375247e-05,5.47280865832015e-05
5.52931561865587e-05,1.88491003831484e-05,5.5293001563566e-05
0.000456386096572308,0.000179536614660617,0.000456386096568599
0.00160915028986297,7.46616895376972e-05,0.00160915028986296
0.00111726966578484,0.000280610019307399,0.00111726966574772
0.000679946858387058,0.000118754776449823,0.000679946837681112
0.00110393876242777,2.32642928041203e-05,0.00110393876242701
0.000345787857843454,2.28995753784984e-05,0.000345787857843448
0.000527394963486755,2.25686399268536e-05,0.000527394963486755
0.000110368564506727,1.19807035709245e-05,0.000110368564506655
0.000177883658115167,3.64750925845991e-05,0.000177883658115166
0,0,0
0.00313367738492178,0.000554905266123064,0.00313367738490757
8.22173740395515e-05,1.29122434198226e-05,8.22173735617788e-05
0.000196217698457394,9.06706182892739e-05,0.000196217698456981
1.72288760090408e-05,1.02659300044079e-05,1.72090562226699e-05
6.29541127979481e-06,4.94619871171453e-06,6.19824454139727e-06
0.00287912201269936,0.000112300571481467,0.00287912201268084
0.00268665178122558,0.00017991649623547,0.00268665178117751
4.78583493791781e-05,2.36644240304322e-05,4.78529775130895e-05
0.000112155177489491,4.55057805122626e-05,0.000112154620686442
0.000325840258959107,8.43012453583621e-05,0.000325840258957373
0.000262237423373778,7.54281815550671e-05,0.000262237423358477
3.77769290491318e-05,1.0521647786816e-05,3.77753646391164e-05
9.62357310130555e-05,3.19058304727084e-05,9.62357301875245e-05
0.000168118254232097,5.39005658346654e-05,0.000168118254202659
0.00018925428980457,7.00621764114369e-05,0.000189254289691349
0.000117444956866108,3.28547899158317e-05,0.000117444956864218
9.93144098702066e-05,1.33235626857552e-05,9.9314409869646e-05
7.74945367144471e-05,1.31851306630566e-05,7.74945367133188e-05
9.36732140084868e-05,1.41304675083424e-05,9.36732140084247e-05
0.00015356223473573,1.37188735953043e-05,0.000153562234735671
2.12299261589291e-05,3.07464466594304e-06,2.12299261589247e-05
0.000198391882496879,3.00517023433725e-05,0.00019839185291923
0.000791805895846393,0.000153948599357967,0.00079180589582185
8.641073218019e-05,2.13744708344493e-05,8.6410732173491e-05
0.000967059972827857,2.97363688008871e-05,0.00096705997282782
0.00288516802565867,0.000215016579336828,0.00288516802565479
0.000842788964520396,8.3414987566409e-05,0.000842788964496514
0.000138790574520209,3.80265893385282e-05,0.000138785788804407
0.000119941300122954,1.30383392460693e-05,0.000119941300099558
0.000139361760994387,3.74083239644113e-05,0.000139361760987653
1.05397038089332e-05,7.29749121041798e-06,1.05396569938973e-05
0.00141518451536796,1.70715375711393e-05,0.00141518451536791
9.9337843515965e-05,1.90085758101041e-05,9.93378435158214e-05
0.000378717337000503,4.13197314073565e-05,0.000378717334766803
4.10259413447515e-05,1.3847964838069e-05,4.10255549387361e-05
0.000667684676537838,9.36852643236676e-05,0.000667684676536805
0.000307688931208429,4.10741022944458e-05,0.000307688931208429
0.000643630564008939,0.000102114497288919,0.000643630563948129
0.000205107179092566,7.28342418453124e-05,0.000205107179074496
0.001798842121395,1.30383223056775e-05,0.0017988421213947
0.000513383184959675,6.30856440360234e-06,0.000513383184959674
0.00100768088745662,1.24632464240671e-05,0.0010076808874566
4.86185404281014e-05,3.6451090584373e-06,4.86185138709997e-05
0.000469993482796869,8.26745592160369e-06,0.000469993482796869
0,0,0
0.000233209476842845,0.000117697353370505,0.000233205818448698
2.27915724759702e-05,8.3779412750335e-06,2.27414481061225e-05
0.000259474688004906,0.000102339245556799,0.000259459194109964
0.00125754161159093,0.000546383659695719,0.0011776977361044
1.20516085102204e-05,1.10057128735101e-05,1.03811652884993e-05
0.00139410987189492,9.13336302509933e-05,0.00139410857310827
0.000112247175549531,2.62747819930829e-05,0.000112247138038887
2.64291231359156e-05,1.63464136901288e-05,2.63986599719502e-05
8.5389866867905e-05,3.55867676094439e-05,8.53898631798112e-05
0.000390629620383624,9.43431953853589e-05,0.000390629616455894
0.000109992099675405,3.09373944791555e-05,0.000109992091525469
1.11721505755532e-05,2.33828142532167e-06,1.11720859869531e-05
8.55954696180628e-05,3.33008979206996e-05,8.55871054336907e-05
0.000115342610981113,5.70395366068147e-05,0.000115320471406263
0.00014157216668412,6.97724523243833e-05,0.000141552815148142
8.66210439831213e-05,3.38010785292307e-05,8.66210426405895e-05
2.1822015559303e-06,1.21337029598081e-06,2.18201408277498e-06
1.87271555397401e-05,5.5669955662716e-06,1.87271148925119e-05
4.08207612859412e-05,1.53420245219168e-05,4.07013372506418e-05
1.68066769742847e-05,2.81091971384957e-06,1.68066769742755e-05
6.12203238800516e-06,1.71577804552067e-06,6.12203238800516e-06
9.45813014855937e-05,2.57657698272271e-05,9.45813014855937e-05
6.21692479423765e-05,2.94696310196006e-05,6.21634699205234e-05
2.44717301012503e-05,7.18426001915902e-06,2.44670288508347e-05
0.000782455366882259,3.00554767461957e-05,0.000782455366873345
0.00090069908771366,0.000141213426794666,0.000900699087655375
0.00049455766330672,0.000154879299860579,0.000494557624879713
9.39523502800596e-06,5.18570082651632e-06,9.071943167049e-06
7.3945311180053e-05,1.40821937779293e-05,7.39453107206822e-05
0.000136431292172027,5.64182676879546e-05,0.000136431281730141
9.16880638239358e-06,4.92580832094674e-06,9.16880580138807e-06
0.000893418016333537,1.62377963207962e-05,0.000893418016279841
5.31985323936392e-05,1.67714041079876e-05,5.31985323935751e-05
0.000323713146799869,1.14179548006146e-05,0.000323713143201753
1.07580963617059e-05,5.95370808492477e-06,1.07580963299229e-05
0.000449264488252243,8.07238430961977e-05,0.000449264487434182
9.07796654858751e-05,2.48969395919566e-05,9.07796654858397e-05
0.000463698718325912,9.48559077103243e-05,0.000463698717189563
0.00029516103969421,7.59556298587652e-05,0.000295160185873916
0.00100005667395508,6.34623440770383e-06,0.00100005667392616
0.000153845036653269,1.03619983662219e-06,0.000153845036653269
0.000342077930391561,5.22143690797693e-07,0.000342077930391561
3.99332577916362e-05,1.24263783816018e-06,3.99332577916362e-05
0.000129441169644034,5.78638198235582e-06,0.000129441169644034
0,0,0
0.0010981990892511,0.000458832406351883,0.00109819908920999
0.000723715258905671,5.44721641370326e-05,0.000723715258903038
1.94061352540333e-05,1.54575778555332e-05,1.94051495810892e-05
5.78730811243802e-05,4.041856670669e-05,5.77311525539537e-05
6.40836257573881e-06,5.41891792233107e-06,5.83122253509353e-06
0.00482422151935945,0.000348327323678677,0.00482422151933222
0.000197336176518827,5.133528517521e-05,0.000197336176497964
5.90167691733288e-05,3.02079957892002e-05,5.85806169131735e-05
9.31721425938744e-05,2.5521300485121e-05,9.31720807210999e-05
0.000484913194393205,0.00015596354902907,0.000484913194281799
0.000393025376736538,0.000142295900069422,0.000393025372270054
2.05420624062977e-05,1.92082566817174e-06,2.05420623711138e-05
7.47393081616997e-05,1.92767614391894e-05,7.47393021576698e-05
0.000163044401090079,5.08792204520612e-05,0.000163044182455892
0.00035570956797461,0.000103226913985472,0.000355705536465689
8.99688950707738e-05,3.23907687649554e-05,8.99688944058338e-05
0.00164883322977412,0.000338086033117945,0.00164882845853694
0.000214492224118048,7.36699556482496e-05,0.000214442077957164
6.95190589604106e-05,1.81111861015828e-05,6.95190337581359e-05
0.000123017404534501,1.55822991742598e-05,0.000123017404534482
5.93904723536053e-05,1.52451244563945e-05,5.93879289362638e-05
0.00015469662854368,4.77117847119629e-05,0.00015469662854368
0.000267536523142091,0.000118918185988469,0.000267507541336778
3.13585405503395e-05,1.94411283916712e-05,3.08605405358355e-05
0.00160050188714286,1.82399887730378e-05,0.00160050188714039
0.00454866039578245,0.000203332291719879,0.00454866039573272
0.000404671799913483,9.29068717175312e-05,0.000404671781908334
0.000182529415646265,5.63263914994753e-05,0.000182215870672232
0.000195360980187763,2.19841600627781e-05,0.000195360620372744
0.000117047009828305,5.18646635853594e-05,0.000117039779631452
9.48876931634361e-06,2.90417299664343e-06,9.48869995206912e-06
0.00143631402208496,2.0355268464922e-05,0.00143631402208142
0.00010518826438633,1.47275391103542e-05,0.000105188264086846
0.000212632063586621,6.41030810622091e-05,0.000212063775471982
7.61157754877412e-05,3.50561188217752e-05,7.60264046588496e-05
0.0013170090012757,0.000225182773299197,0.00131700900070694
0.000312365021290251,0.000113776663918206,0.000312365021289934
0.000363477612960132,8.1526134225429e-05,0.000363477338364227
0.000557997527120272,0.000203081863884716,0.000557996287439018
0.00140121100246518,3.3670677983303e-05,0.0014012110023985
0.000133134426707546,2.86474254752197e-05,0.000133134426707387
0.00015583152416332,5.81083199236621e-06,0.000155831524163319
3.51906953346802e-05,8.87622881401107e-06,3.51905746494182e-05
0.000102840691078926,1.52947673349525e-05,0.000102840691078918
0,0,0
0.00132102474886574,0.000312519588846824,0.00132102474542906
3.72627796798811e-06,2.54651185947414e-06,3.72382630457548e-06
0.0001022835953471,4.80507615988227e-05,0.000102217453235418
0.000176092568505057,9.58208326368281e-05,0.000175666613109625
1.80505432866653e-05,1.52661023242735e-05,1.7500772498948e-05
0.00432190284488781,0.000406063830867854,0.00432190216021655
0.00014088431293029,3.64327835929832e-05,0.000140880826274294
0.000314247368872341,0.000137952584887539,0.000309856930418931
0.000425394053359381,0.00017499145148892,0.000424415341982809
0.00050862539702505,0.000152477347208454,0.00050800094840538
0.000605003997245739,0.000188924974325783,0.000604988397378069
5.76493635930353e-05,1.66349918768532e-05,5.76435119409935e-05
0.000873443642631563,0.000315528129349939,0.000872088004288986
0.000514679369495769,0.000182119305485528,0.000513757413091699
0.000594201920237059,0.000195959203381468,0.000594187413885312
0.00112372432743656,0.00034874804769747,0.00112337167354142
0.000254007009506606,7.44903453069224e-05,0.000253956820423419
0.000807239309748477,0.000184867041692737,0.000806773053478459
0.000265426280747943,8.63683872054431e-05,0.000265254494211417
0.0016863115732899,0.000235166707734478,0.00168626447979914
0.000232886416507731,5.08443879243898e-05,0.000232796370463484
0.00109219862392244,0.000189826372737437,0.0010921949863171
0.000750836152892702,0.000265831973899295,0.000750836135627334
0.000349276799792896,0.000167745629051166,0.000342984606870589
0.00361692489333671,0.000749908754040114,0.00361692489261533
0.00811655235339851,0.000854843792249497,0.00811655235308589
0.00257103197520177,0.00060220427444792,0.00257101206487004
5.94533129338096e-06,1.58942119944015e-06,5.93835675595546e-06
7.9688705549401e-05,2.52930267598881e-05,7.86799784065781e-05
0.00082317615574953,0.0002801721892977,0.000822391277937658
4.83851583065314e-05,2.32277468394524e-05,4.83139266319248e-05
0.000491306541923787,3.14926566113635e-05,0.000491306541896184
0.000181894172118976,5.62478962898303e-05,0.000181892386105784
0.000242820807982799,7.04136969783735e-05,0.000242387946750551
0.000557333922854186,0.000255248228036165,0.000556449958960767
0.00069757309208067,0.000228229795172169,0.000697573092023354
0.00132366296342529,0.000178556870430936,0.00132366296342431
0.00223750249184283,0.000512992713839185,0.00223750249097244
0.000660621569459094,0.000264921006350445,0.000660621448628841
0.00055343239185145,2.33808253545944e-05,0.000553432391825211
0.000190993114759603,2.48144523771979e-05,0.000190993114728143
0.000912285228241771,7.03583241034284e-05,0.000912285228239889
8.8695633295874e-05,1.74478099180498e-05,8.86953807530952e-05
0.000330777186490525,3.3566576644153e-05,0.000330777186490525
0,0,0
0.000423077862562364,8.40992098334338e-05,0.000423077862561268
4.03744540862089e-06,1.32994411624237e-06,4.03628135211831e-06
0,0,0
2.6947116507034e-05,1.67159530251187e-05,2.68398425778405e-05
1.18241686385881e-06,8.67711832252479e-07,1.10572310664801e-06
0.00122925838254419,9.21774219701526e-05,0.00122925838253924
0.000232790109407855,6.73271801089227e-05,0.000232776940734544
8.41474312056527e-05,4.58880000366332e-05,8.34566717332734e-05
0.000144835479808449,5.51173077795413e-05,0.000144814367240673
0.000159866921163371,4.84195397158215e-05,0.000159854697437062
0.000156254751427949,5.12406839359942e-05,0.000156254751335761
2.9945607324746e-05,9.78699029235132e-06,2.99440695696225e-05
0.000135714161323395,5.06746964850871e-05,0.000135702960732219
0.000129780929509421,5.52645914576928e-05,0.000129706719816809
0.000145991928146556,4.23595399200105e-05,0.000145991924949
0.000245905820441594,7.73432635938526e-05,0.000245904757373742
5.72368342438705e-05,1.64010083812603e-05,5.72365181554768e-05
7.4566974966661e-05,1.91301912728563e-05,7.45669745580163e-05
8.88209272070994e-05,1.63877495563785e-05,8.88209271796704e-05
0.000579076853879402,5.89532542461205e-05,0.000579076853868503
1.71428322229185e-05,3.94005114207035e-06,1.71408837658575e-05
0.000136525489032466,3.47443181623737e-05,0.000136525489032466
0.000258764411053046,0.000166845687373829,0.000258718986218642
7.97609619861945e-05,4.91240287159134e-05,7.94567014520755e-05
0.000945369081209708,0.00011495558240323,0.000945369081203252
0.00241151086455597,0.000253174633753951,0.00241151086452196
0.000334732320315128,7.00067499410813e-05,0.000334731884379881
1.63143178564639e-05,3.65967096799706e-06,1.6312534540854e-05
0.000130154456443522,1.61992987376808e-05,0.000130109384971378
0.000204388386616163,6.55345089140487e-05,0.000204388385906357
1.67185237246913e-05,1.31515362081301e-05,1.65235633742389e-05
0.00102460652609736,3.39791294942737e-05,0.00102460652609677
7.77347876451682e-05,1.71118869793391e-05,7.77347779961525e-05
0.000227120639505974,5.0176151049164e-05,0.000227120639497589
0.000215790118465231,5.40643586804079e-05,0.000215790115713071
0.00051690271569123,0.000146497541255676,0.000516902715686411
0.000419227835225795,4.69771727196647e-05,0.000419227835225795
0.00098480971852373,0.000174885856157103,0.000984809718490724
0.000371659266382608,0.000127963159163189,0.000371659207409811
0.00064986139279862,1.91456301156717e-05,0.000649861392798331
0.000166128656235926,4.41418511634421e-06,0.000166128656235926
0.00102773175897318,2.1069964196642e-05,0.0010277317589731
8.66669013462311e-05,1.14287321301617e-05,8.66669013462294e-05
8.63901853755127e-05,6.43935014753494e-06,8.63901853755127e-05
0,0,0
0.000601302373982754,0.000139682869002136,0.000601295694039436
1.19891722384024e-05,5.62891044571624e-06,1.19615124381891e-05
5.68708953467865e-05,2.86893568701172e-05,5.68708953444574e-05
1.07131162136789e-05,5.4956506088824e-06,1.07125045058292e-05
4.59799846934376e-06,3.6322978175813e-06,4.39785221066742e-06
0.00122665073474678,9.14206546941597e-05,0.00122665073474486
0.000114602430159161,2.3480404447816e-05,0.000114602401467092
0.000111301541379512,4.08743215930023e-05,0.000110975915107537
4.87131224880177e-05,2.15732837415396e-05,4.87126767218581e-05
0.00015284931553442,3.53960462163308e-05,0.000152849315532903
0.000137277998958722,4.18423058277105e-05,0.000137277998951289
7.3719190292608e-06,3.66879880773778e-06,7.37177559678014e-06
0.000229318732879845,7.06660524654927e-05,0.000229318019899452
0.000159391617575772,4.61085652745578e-05,0.00015939101565315
0.000286002806836855,8.26288388007939e-05,0.00028600280683034
0.000190598176415089,6.05385858926356e-05,0.000190598176406727
6.20098373734805e-05,1.96504757243757e-05,6.20094963532856e-05
0.000294397681227297,5.57396177408312e-05,0.000294397375235177
0.000104223106539115,1.68775900867808e-05,0.000104223084831101
0.00140232020764651,0.000138634691647467,0.00140232020762983
2.6883543741538e-05,1.50976281718449e-05,2.687899793353e-05
0.000143380518589455,4.01356590870549e-05,0.000143380165250356
0.000761177849954039,0.000154455282222394,0.000761177849951249
0.000142807819917123,3.79509093423463e-05,0.000142807819911319
0.00239382384413841,0.000136856599542611,0.00239382384413796
0.00319391656012506,0.000256611057300211,0.0031939165600919
0.00219794033285934,0.000176599265430588,0.00219794033230042
1.3405825153095e-05,6.57853059955976e-06,1.3367652493085e-05
1.49118130644246e-05,3.07801417962404e-06,1.49085259632477e-05
0.000239009317547896,5.30196828149136e-05,0.000239009311518538
4.49451833803033e-05,1.70087679684093e-05,4.49346493997982e-05
0.000418061392994267,2.57831692271425e-05,0.000418061392993055
6.92760623548123e-05,2.892189897816e-05,6.92756035801098e-05
0.000214394375722634,3.28270705863993e-05,0.000214394375710688
0.000546029745936502,0.000146162809016234,0.000546022140311755
0.000190736081186982,0.000101651432316081,0.000190736081186712
0.000487020560469688,5.45641563511512e-05,0.000487020560469688
0.00116629712734541,0.000239956307127672,0.00116629712721693
0.000360900664508214,0.000106744629723744,0.000360900664504184
0.000391571889100158,2.00064080253457e-05,0.000391571889098993
0.000178599924437896,3.30575632371353e-05,0.000178599924437857
0.000839222263631731,3.87725055474859e-05,0.000839222263631722
0.000134159280417416,1.65731212441464e-05,0.000134159280417403
0.000186983324447371,3.12672830084003e-05,0.000186983324447371
0,0,0
0.00439350113358628,0.00069140501236587,0.00439350080812445
0.000151473780114806,7.8912285540703e-05,0.000139012170899792
0.00396913334752909,0.00283107514341549,0.00317033010434768
0.000309704404002827,0.000297558418679311,0.000179856258714564
0.028973959494359,0.0271844678156678,0.00511717230715433
0.00764071231348731,0.00040165455388157,0.00764071231328742
0.00030570601376202,3.56467699591158e-05,0.000305706013761842
0.000400893593469851,0.000172528522047363,0.000385039400850226
0.000382138528983398,0.000192439593249011,0.000378214389850387
0.00888296888925197,0.00294393079709983,0.00853729338075338
0.00137385075117449,0.000545029000213698,0.001367341888542
0.000278016899284423,8.57080220392251e-05,0.000277974663675248
0.000572035981301266,0.000196650753500892,0.00057077094946684
0.000819748089532162,0.000492074999943624,0.000675722673110248
0.00342619406224122,0.0013270770020929,0.00342495401979882
0.00149339924913292,0.000440935109208666,0.00148701999045581
0.000442767977257528,0.000104853995094889,0.000442717504202723
0.000386652568243244,0.000152568251670202,0.000373873582138339
0.00052232313198523,0.000134152617331346,0.00051737484868085
0.0016517972703215,0.000143326925498166,0.00165179247749043
0.000888222392907811,0.000185880190038541,0.00088700422962019
0.000950439165981392,0.000220221570100715,0.000950439165981392
0.00386914044408435,0.00220818279506054,0.0035846817890637
0.000628420836037484,0.000525736171100307,0.000364365220516123
0.00812399205841171,0.000771407150934146,0.00812269255822324
0.0140477111937947,0.00182652553547449,0.0140477111885101
0.00554708717821973,0.00193701602871141,0.00542745875849473
8.95314062996335e-05,4.97599545485363e-05,7.4027800414431e-05
0.000573356805902409,0.00020402320940918,0.000549732701481728
0.00260417022341588,0.000904582414462404,0.00260198993244274
6.45869727736101e-05,5.47482342077114e-05,5.27951442620565e-05
0.00214122008615533,7.25717504061448e-05,0.00214122008495414
0.000198279075466132,6.75365242099662e-05,0.000198279075448083
0.00106581459533059,0.000203479616747424,0.00106581140200638
0.00071497382423378,0.000365469967308008,0.000712861317114008
0.00122006878366929,0.000684001742296899,0.00122006878306042
0.00214560895520475,0.00073986547050516,0.00214560895520375
0.00400375544995796,0.000773499378779436,0.00400375480687803
0.000932025067706871,0.000429902694437062,0.00093202400268955
0.00913005055161739,7.26637183168187e-05,0.00913005055009612
0.00146453960664708,3.3627347400578e-05,0.00146453960664697
0.00307657797751966,3.809684498663e-05,0.00307657797751949
0.000310421388830949,3.15076449676388e-05,0.000310421388830948
0.000595065247210538,1.28632045082275e-05,0.000595065247210538
0,0,0
0.000354932699870352,0.000177558348009083,0.000354932699870306
4.50326367126667e-05,4.57350207144375e-06,4.50326367126654e-05
0.00252471283853072,0.00220202323820866,0.00218613041539726
4.53590137928849e-05,4.21397165547028e-05,4.36323216677752e-05
2.38501244719684e-05,2.06685580675833e-05,1.91204596025537e-05
0.00131237965586282,4.87883403108657e-05,0.00131237965586229
0.00029662339569092,9.21675615918255e-06,0.000296623395690862
3.55616368749571e-05,2.01655092261986e-05,3.55521000094376e-05
0.000156954745098957,3.63878427263123e-05,0.000156925254610977
0.00088179914240782,0.00062706554072101,0.000828382745162917
0.0019851804632566,0.000498281413818726,0.00198427123807923
1.99805211277382e-05,1.12364367106421e-05,1.99759302163235e-05
0.000219388000679671,7.0528756837616e-05,0.000219348969970434
0.000314964976906247,0.00010214720128733,0.000314946260456734
0.000516928287830434,8.44752762941251e-05,0.000516928194205779
0.000240582128954446,2.51272215979595e-05,0.000240581603933359
4.68229932546671e-06,1.96195493509055e-06,4.68219369636404e-06
0.000246044647688908,1.87518605444168e-05,0.000246044067229598
0.000133847309712573,1.58826551786211e-05,0.000133847309083688
2.38869892013908e-05,6.71304491198543e-07,2.38869892001483e-05
5.24640760627852e-06,9.69374982233558e-07,5.24640760627852e-06
0.000155628778944489,6.39265180317907e-05,0.000155628778944489
0.000308221068479679,0.000104236489370298,0.000308215639770608
7.10204144610565e-05,3.72174706464556e-05,6.87510110774376e-05
0.00421199723375126,0.000344565594146772,0.00421199723355435
0.00647545098582154,0.00050393490036677,0.00647545098555264
7.94469896095638e-05,3.98807088152189e-05,7.92013093401322e-05
1.39152441294142e-06,7.80084071458897e-07,1.39113432611984e-06
0.000282306572418951,8.44544574136875e-05,0.000281388798868033
0.000195153031820448,7.43398091969757e-05,0.000194860158832038
1.45495452265378e-05,3.88960896406574e-06,1.45495140007039e-05
0.00117647103416541,3.36778892568951e-05,0.00117647103415084
0.000227171258769542,6.4411693493492e-05,0.00022717056629676
0.00102577628069326,0.000102953990281655,0.00102577628058038
8.51827461859252e-05,8.25012694519835e-05,8.37254780590368e-05
0.000401104813965962,0.000138899840926471,0.000401104813935942
0.00223899571781758,4.978395153973e-05,0.00223899571781758
0.000121627943177208,4.36467785295189e-05,0.000121627943138122
0.000180057174010501,7.91612114518165e-05,0.000180057173996731
0.00370472736431967,3.82657489500019e-05,0.00370472736429853
0.00160542065121788,3.24390511673404e-05,0.00160542065121788
0.00262772712745692,3.34610174518394e-05,0.0026277271274555
3.98478672984659e-05,5.01373514275513e-06,3.98478672984659e-05
0.000156040556454948,1.12734228832872e-06,0.000156040556454948
0,0,0
7.9767694493661e-05,2.14488551114486e-05,7.97676944814717e-05
6.2005891731332e-06,2.43407018225161e-06,6.19579423826295e-06
1.35835529643337e-06,9.71826005654764e-07,1.35811641306324e-06
5.25737434302005e-05,1.70836824918357e-05,5.2444526709107e-05
1.16269724813545e-06,3.62584888418169e-07,1.16081774750891e-06
0.000200127433509713,1.0578981871346e-05,0.000200127399806821
7.49852991149077e-06,1.32586011461226e-06,7.49852986413063e-06
2.6963191215698e-06,1.37881052902623e-06,2.6963191215698e-06
2.5645935151563e-06,1.91346185142771e-06,2.5645932757983e-06
1.01441594720691e-05,3.71995711771682e-06,1.01429434101988e-05
2.18451895579225e-05,8.34308214889821e-06,2.18450718459397e-05
9.61885342091202e-08,3.85729801282185e-08,9.61881193987749e-08
2.94395705246495e-06,1.40381423726475e-06,2.94395705122642e-06
4.41963801452594e-05,8.75738631733836e-06,4.41963801452003e-05
9.25926385116642e-06,2.88572413315599e-06,9.25925760184648e-06
6.98964531815318e-06,1.56465506948165e-06,6.98964531693687e-06
0,0,0
6.22150867630378e-07,1.08723601449589e-07,6.2215086586031e-07
5.97794518749006e-08,4.77068895888145e-08,5.97794518749006e-08
0,0,0
6.14493440152948e-07,1.20405977040049e-08,6.14493440152948e-07
2.83541066473815e-06,1.12285143592894e-06,2.83541066473815e-06
2.20461669771601e-05,7.02146847110051e-06,2.20461420189901e-05
9.86756981611382e-06,1.82663181388453e-06,9.86754695996006e-06
0.000101797043034806,1.88101204389089e-06,0.000101797043034806
0.000125095266988964,9.52705509338079e-06,0.000125095266988851
1.73065963267081e-05,4.98952664963221e-06,1.7306595081423e-05
3.24170720074006e-08,3.24170720074006e-08,3.23991414049774e-08
1.52330678793481e-06,8.17957603854475e-07,1.52330678764781e-06
4.16688962232052e-05,8.69675424455499e-06,4.16688956909231e-05
2.32035035520127e-07,9.58850825882665e-08,2.32035007769622e-07
6.98955672428528e-05,1.77589478376163e-06,6.9895567242656e-05
1.27781439243507e-06,6.05291898091347e-07,1.27781439243507e-06
4.5717867789129e-05,6.06166028376225e-06,4.57178668058383e-05
1.61461361687261e-06,9.0540223531972e-07,1.61461342828953e-06
4.2245011815205e-05,9.10037002017814e-06,4.22450108533884e-05
3.75045505324315e-05,6.20352842327757e-06,3.75045505324314e-05
8.18237899908688e-05,1.365548936725e-05,8.1823789985151e-05
1.27890446312431e-05,6.26006992009215e-06,1.27890283755971e-05
9.28869998393862e-05,0,9.28869998393862e-05
1.06526079191322e-05,3.36951662506779e-07,1.06526079191322e-05
4.65374490014888e-05,1.16370976549314e-07,4.65374490014888e-05
3.27207100783461e-07,8.33127050538517e-08,3.27207100783461e-07
7.75677071706105e-07,2.64559621499134e-07,7.75677071706105e-07
0,0,0
1.6910625925715e-06,9.40114020642306e-07,1.69097548987505e-06
1.20375466787149e-06,6.58431599397069e-07,1.20367763109283e-06
0,0,0
0,0,0
0,0,0
0.000199802857836499,5.28101229495469e-05,0.000199802857795336
2.30479821554841e-05,3.66936839388077e-06,2.30479821497828e-05
2.69133324822798e-06,1.8788890027357e-06,2.6590010976029e-06
3.51553167685358e-05,1.79945142540096e-05,3.51366928789884e-05
0.000799295275359892,0.000304477486428971,0.00079231578350873
0.00125261260113159,0.00047936997647702,0.0012506968209798
0.000123427533667111,5.1491028929582e-05,0.000123333843833881
2.05479430896266e-05,1.28290978777611e-05,2.03867387523318e-05
2.7428161678594e-05,1.21414517144476e-05,2.73401602927836e-05
0.000131249062572005,4.60067262762174e-05,0.000131239686631113
7.8486986332251e-05,3.7212776367304e-05,7.84583262942929e-05
0.00350828796769904,0.000990537893006128,0.00350816368183406
9.90047032040799e-05,3.7278684897167e-05,9.89999915474737e-05
0.000535007546825821,0.000135194624460726,0.000534979778788434
1.68082970641395e-05,2.21005327631651e-06,1.68073863787508e-05
0.000337483290326443,0.000171181076544098,0.000306887971212654
0.000232677113886174,6.22946371517858e-05,0.000232677113886174
0.000120913698977395,8.53215730768961e-05,0.000118163988944281
0.000102091207011031,6.57363304422603e-05,8.84443653264423e-05
0.000708211390468688,0.000239210936846558,0.000708208487189221
0.00763833909058956,0.00111662212262146,0.00763833908908109
0.000108149559811087,5.25647706285672e-05,0.000106907767083685
0.00417004315155194,0.00271337252098662,0.00286443432095874
0.000351648359207005,0.000125056876536257,0.000331116567227248
0.000614300706701803,0.000264381954737002,0.000602216243765077
3.33311294546565e-05,1.81561601316464e-05,3.33086593873479e-05
0.000432694085943061,5.26468392968872e-05,0.000432694085794375
0.000336295789293008,8.28629052317814e-05,0.000336295763488424
0.000178396032848797,7.92375224694991e-05,0.000175739203535217
0.0018321252352075,0.000471214547475099,0.00182987756894639
0.00234272513744403,0.000797289424755919,0.0023426224217239
0.00151458326829802,0.000154476193734973,0.00151458326829701
0.00177861643439748,0.000405151514196819,0.00177860167278532
0.00037966552390092,0.000243609593531576,0.000379641184852013
0.00196203862390464,2.59541761875459e-05,0.00196199375052548
9.88014356039801e-05,2.14366589826247e-05,9.88014355430485e-05
0.000205905162724569,5.05186623968061e-05,0.000205905162724527
7.28926515992508e-05,7.10732129752814e-06,7.28926515991718e-05
6.61375457688921e-05,1.49012577182812e-05,6.61375457688325e-05
0,0,0
0.000120753674779806,3.2227764240409e-05,0.000120753674777942
3.3896150212428e-08,3.3896150212428e-08,3.38440615390701e-08
3.91140652016483e-06,1.89365006034553e-06,3.91139698075089e-06
7.0078656704614e-06,3.70114956039205e-06,7.00772784208722e-06
2.72051490693203e-06,2.72051490693203e-06,2.50897674355278e-06
0.000195374248415108,1.05891388861809e-05,0.000195374248414558
2.00083173398041e-05,4.49079664172375e-06,2.00083172255468e-05
3.6070864509325e-05,1.31107324539477e-05,3.60572665887519e-05
4.79415847348014e-05,1.36443346878556e-05,4.79391231497234e-05
9.63592153071405e-05,2.45613349324823e-05,9.6356870147618e-05
4.73005843184071e-05,1.52611598594971e-05,4.73005843150438e-05
1.59706374814623e-06,6.09440588699252e-07,1.59702244701024e-06
0.000153334368456546,4.62344571446601e-05,0.000153332997515472
5.55095293132505e-05,2.11871483094915e-05,5.55085145720486e-05
0.0001577123259261,5.27593861839638e-05,0.000157712280937504
0.000202605648216917,6.41202043155783e-05,0.000202602402470904
0.000134357829129217,2.81480046910817e-05,0.000134356570195869
0.000115616796401179,3.14603346616237e-05,0.000115616329921941
0.000176086211370801,3.00152529402796e-05,0.000176086211273699
0.0038830573958435,0.000209891318251903,0.00388305739553593
1.1695332964586e-05,2.32002193691408e-06,1.16953329389188e-05
7.61822917204866e-05,2.39180066542345e-05,7.61822917204866e-05
0.000273876758403253,9.44708165352667e-05,0.000273876758385856
2.21317135962423e-05,9.8972078581579e-06,2.21005248337891e-05
0.000343737633469817,0.000100531629692443,0.000343737633466634
0.00137484743977912,0.000124592062636767,0.00137484743975426
0.000256034916345941,4.7781074505928e-05,0.000256034916321095
1.94716202825217e-07,8.1029633529062e-08,1.94716202825217e-07
2.97855467911823e-07,0,2.97855467911823e-07
0.00013489739490718,4.00275978732562e-05,0.000134897394822789
1.42594028945875e-05,7.80609553963423e-06,1.42594028001856e-05
4.58078537042055e-05,2.16570294274191e-06,4.58078537041979e-05
1.79285281581588e-05,4.61084685799881e-06,1.79285281580461e-05
3.78621245769521e-05,9.27863447506293e-06,3.78621245762635e-05
0.000104045841194804,4.56186167397031e-05,0.000104045839912935
0.000163586020241488,3.1941529040787e-05,0.0001635860202413
0.000195743497157031,5.66748991051783e-05,0.000195743497157031
0.000532122026730992,0.000119401317902452,0.000532122026713683
0.000282525570976324,5.9040213414517e-05,0.000282525570975046
0.000274608938899957,1.21925548086199e-05,0.000274608938899921
4.66890594005186e-05,4.30270505423877e-06,4.66890594005186e-05
0.000165661369535263,5.38693980678097e-06,0.000165661369535262
3.56599302753775e-05,1.0570277654858e-05,3.56599302753775e-05
3.30390973121763e-05,5.40146974513499e-06,3.30390973121763e-05
0,0,0
4.36826833557112e-05,1.29428344183485e-05,4.36826833556933e-05
4.34457521382102e-08,1.67581262643875e-08,4.34457521382102e-08
2.57112556043046e-06,1.98670439952775e-06,2.57031306278966e-06
2.08725088927827e-06,1.38300770202181e-06,2.0834783819547e-06
0,0,0
6.09972464195411e-05,9.76770487742513e-06,6.09972464195062e-05
7.3518198106736e-06,3.1983728334733e-06,7.35135151025921e-06
2.24830886588081e-05,8.82183461707898e-06,2.24725712431954e-05
2.90128569195472e-05,1.16490030583169e-05,2.90123721559635e-05
0,0,0
3.50025671523834e-05,1.28922382490461e-05,3.50025670196704e-05
7.77871071722261e-05,1.81374129955801e-05,7.77841600868086e-05
4.86871508349346e-05,1.95570969792394e-05,4.86869568622869e-05
2.10423812904049e-05,9.12276738728797e-06,2.1042028759744e-05
0.000104394262672248,2.82131411125627e-05,0.000104394262670426
0.000112292810623009,3.10772982152201e-05,0.000112292794523494
1.19363368760388e-05,3.79421679017284e-06,1.19363077715046e-05
0.000111638417514932,2.31975244737072e-05,0.000111638417476854
6.40606144526145e-05,1.2319576710415e-05,6.40606144484161e-05
0.000177667573616236,1.83714869579393e-05,0.000177667573615953
1.54458361977894e-06,1.0515408459633e-06,1.54453275894068e-06
3.99251045859999e-05,9.57656976865971e-06,3.99251045859999e-05
6.1183059885663e-05,1.81323529123753e-05,6.11830598672521e-05
4.36762913205725e-05,1.07235849577061e-05,4.36762790508428e-05
0.000213701124714997,5.38178551614564e-05,0.000213701124713707
0.000427844598467846,6.22282274750068e-05,0.00042784459846699
0.00015232034856411,2.9927168898473e-05,0.000152320348523268
1.70590667534828e-07,0,1.70590667534828e-07
2.80792396686757e-07,0,2.80792396686757e-07
5.85013453652945e-05,2.03471081169706e-05,5.85013453234411e-05
6.79220294710528e-06,4.68763744770333e-06,6.7921876478938e-06
6.88820670198312e-05,2.8885966777538e-06,6.88820670198209e-05
1.31607750863913e-05,3.99993960727964e-06,1.31607750863311e-05
2.38191857693209e-05,7.41234346876829e-06,2.38191857515667e-05
4.01089716771899e-05,1.42409324640912e-05,4.01089716192488e-05
5.73034633565723e-05,2.09024146751167e-05,5.7303463356379e-05
3.66188951783884e-05,9.12089163197612e-06,3.66188951783884e-05
0.000229509029075096,5.57918400236428e-05,0.000229509029066522
4.52720482523426e-05,1.65995812169646e-05,4.52720482505853e-05
8.30292486259058e-05,6.21451168562935e-06,8.30292486258682e-05
2.9259968338145e-05,2.89611974012753e-06,2.92599683381448e-05
7.38578460868116e-05,3.93071522343083e-06,7.38578460867268e-05
1.91684714930407e-05,1.79661403880434e-06,1.91684714930407e-05
3.95033625741595e-05,2.90906229146066e-06,3.95033625741595e-05
0,0,0
0.000433469232209942,0.000190061596636089,0.000433469232208481
2.69893486607311e-06,1.59081932298197e-06,2.69413724491028e-06
6.86471789313064e-06,4.44761657283138e-06,6.86459359663036e-06
0.000102407735198401,7.35090096205705e-05,0.000100076874602496
3.35163656410536e-06,2.21978625484484e-06,3.20328732122669e-06
0.000692244154199162,8.76316151870319e-05,0.000692244154192553
1.32809266448606e-05,5.82651620274093e-06,1.32809104362085e-05
0.000468686950992503,0.000139212647418693,0.000465177980063522
0.000667254652330395,0.000196164233695911,0.000664839663155259
0.00025034417537163,7.34157996324877e-05,0.000250212666691505
0.000250016945472494,8.65736447644402e-05,0.000250013655350795
0.000463337202768657,0.000114187325053383,0.000462696295206588
0.000114680703741312,5.09267577819099e-05,0.000114571739750746
0.000127188851471671,5.48459108400892e-05,0.000127159292904473
0.000485076884902955,0.000218632191182917,0.000485046518680421
0.000430789374729059,0.000134737916978353,0.00043071579926078
8.76882512824141e-05,2.79672824202646e-05,8.76875723756037e-05
0.000182161231380617,4.77449316558425e-05,0.000182150021517972
0.000650743760832073,0.000141018643465411,0.000650571327635251
0.00178048479695675,0.000183894203484589,0.00178045659732159
0.000125621225063848,3.80572407379157e-05,0.000125621224854933
0.000218938991618022,6.02236382256167e-05,0.000218938873824617
0.000436080082915204,0.000132130789641306,0.000435633639113493
0.000250336804743726,0.000124544434817736,0.000248131387967935
0.00293934253405046,0.000426870851771499,0.00293934253189484
0.00432085281777483,0.000544412064918099,0.00432085281747164
0.000759306067029669,0.000219440153886621,0.000759272906857912
8.67164829085741e-05,2.56233203230921e-05,8.64404603371989e-05
6.97993488020432e-05,6.6194508173951e-06,6.97993460933119e-05
0.00137154372341494,0.000241305045023333,0.00137154347487258
7.1335244257246e-05,4.36418040717751e-05,7.12458272659399e-05
0.000609342187182089,3.98674301092694e-05,0.000609342187174746
0.00069523248157948,0.00019387248876496,0.000695219055855649
0.000229187992399595,0.000125681884769794,0.000228001766185866
0.00140357793049641,0.000357596792102385,0.0014032636424164
0.000474265276013122,0.000216893932514913,0.000474263382677863
0.00306483865200043,0.000402637016909143,0.00306483865200023
0.00278359514462077,0.000559904505800289,0.0027835938906087
0.000904847332536238,0.000308672453826577,0.000904845582549081
0.00155569624987549,0.000107697010260604,0.00155569624981925
0.000994280625272802,2.37425286887165e-05,0.000994280625272666
0.00167444443949767,4.29694522646999e-05,0.00167444443949016
0.000285300127009788,2.71684648125114e-05,0.000285300127009765
0.000141463768782657,3.36857706504033e-05,0.000141463768782654
0,0,0
0.00126529700078556,0.000501200781104784,0.00126528955423433
0.000159289194746107,6.49978458794656e-05,0.000159104384631202
0.000377354966606927,0.000181480791746236,0.000377354962811698
7.40156197541024e-05,4.51131194456689e-05,7.33033093751588e-05
3.04439503688142e-05,2.22768747576352e-05,2.52422755466005e-05
0.00294869000528809,0.000588430215830022,0.00294868927656462
0.00110793925059916,0.000253703563295942,0.00110793504837445
6.63636121870991e-05,4.56855813096802e-05,6.50967573988339e-05
0.000152952247143167,8.13503493972563e-05,0.000152102923461873
0.00145896639020492,0.00044109543611534,0.00145294445115657
0.00114198123672733,0.00044518705893479,0.0011413618661235
7.47499809989211e-05,2.44696090892043e-05,7.47477789378939e-05
0.00102644322457967,0.000365487933582575,0.00101649930025632
0.00046281150813551,0.000177914133875644,0.000458749442419235
0.000336861238835149,0.000145001813173342,0.000336604221940796
0.00036829629547047,0.000127797789014539,0.000367768791897697
0.0027435637857227,0.00084114936988922,0.00274229955150444
0.000425267239834066,0.000131478877937898,0.000424391499030853
0.000445842267069263,0.000103257399161541,0.000445792332790784
0.00195695913477137,0.000205074779693373,0.00195653019519844
0.00015656775490665,3.48389624573281e-05,0.000156523825380671
0.00109797635853821,0.000265182940997687,0.00109797318633661
0.00129296158671157,0.000666775181117871,0.00127895328030235
3.2563643660896e-05,2.27689011058695e-05,2.78046030287662e-05
0.00144255992577584,1.57545142234002e-05,0.00144255992485995
0.00250190140781843,0.000706358345638731,0.00250190140677555
0.000758216177383203,0.000177209062248901,0.000758211595426177
0.000241871748973785,9.57111695379962e-05,0.000232426508462191
0.000435340603850432,0.000119612546995868,0.000423611686247574
1.28217749036554e-05,9.04668979610256e-06,1.24835761358025e-05
3.12651010756219e-05,2.56524944305091e-05,3.10574742273673e-05
0.00202707554206895,9.6162159844079e-05,0.00202707541708235
0.000170402042972784,5.70546861144768e-05,0.0001704019165339
0.00012791097262515,5.70092160252852e-05,0.000125495214563066
0.000194394094059567,3.78889792035201e-05,0.000194392920412254
0.00123263583859746,0.00033659747991757,0.00123263583197465
0.000164457907643653,2.71973283157162e-05,0.000164457907643273
0.000400174823435037,7.36819514942136e-05,0.000400174544061045
0.000491312308227068,9.12764220748562e-05,0.00049131132749859
0.00192375163810773,3.43617703042829e-07,0.00192375163810773
0.0003208349255395,1.00462061513868e-06,0.000320834924449436
0.000382886753537932,3.07986436936157e-07,0.000382886753537932
1.80487527298421e-05,5.83999721430198e-07,1.80487527297726e-05
0.000261891061803784,3.55754680837684e-06,0.000261891061803546
0,0,0
8.82508002826545e-05,3.26396124374883e-05,8.82508002826492e-05
7.74896231566471e-06,5.82918175919751e-06,7.72346179220864e-06
7.88144047246099e-05,1.91195073767824e-05,7.88126371846644e-05
1.18290878879337e-05,4.05810033384869e-06,1.18275280468352e-05
6.79172141245216e-06,2.67008185148457e-06,6.79172055245117e-06
0.00025334831438505,2.45102920248299e-05,0.000253348314384945
0.000208750453946089,2.23041838367004e-05,0.000208750453945959
6.44786799265157e-06,3.92079531107596e-06,6.44756079436413e-06
1.18686352123098e-05,4.5738844309164e-06,1.18683035992087e-05
2.84537276358253e-05,3.91324720331114e-06,2.84537276357985e-05
5.5286687215986e-05,1.1387111792768e-05,5.52866872139713e-05
9.25072074086203e-06,1.97129193761897e-06,9.2507207403148e-06
1.10374324158562e-05,3.77537202298724e-06,1.10374324146645e-05
3.26097709813759e-05,1.15410311499968e-05,3.26097295637835e-05
2.18130102934644e-05,5.98051486086255e-06,2.18130102924105e-05
4.71531428098889e-05,1.24337212655482e-05,4.71531401247871e-05
6.08381539010635e-05,1.0176777435455e-05,6.08381538992847e-05
2.17379615521663e-05,5.78613651016602e-06,2.17379606229387e-05
3.20991546238763e-05,7.17052642125432e-06,3.20991546237035e-05
3.89194246333482e-05,6.38177813750285e-06,3.89194246333475e-05
7.29293127755961e-06,3.61733222955762e-06,7.29293083388845e-06
1.88217790597835e-05,2.79793292302815e-06,1.88217790597835e-05
5.6624823918067e-05,9.00730095590066e-06,5.6624823918066e-05
7.53411350242534e-06,6.67933673054946e-07,7.53411350242516e-06
0.000159498899911543,2.97567737217096e-06,0.000159498899911542
6.43351373967609e-05,2.20818535896304e-05,6.43351373966654e-05
4.87620189079324e-05,1.7785450089501e-05,4.87620189077066e-05
2.86871743149983e-06,6.58963421140741e-07,2.86868806593172e-06
1.53542524206715e-05,1.270659224961e-06,1.53542524206303e-05
1.58306786906373e-05,1.17003579565078e-05,1.58290650610288e-05
3.186553618223e-06,2.13570907795637e-06,3.18648997960208e-06
6.72490039314539e-05,9.37030858233077e-07,6.72490039314539e-05
4.63475652234664e-06,1.3422276358049e-06,4.63475652231974e-06
1.16024491453512e-05,6.08927942680721e-06,1.16024491365147e-05
8.80775803064735e-06,1.85795618665823e-06,8.80775803018869e-06
3.37724291322489e-05,1.65585378420453e-05,3.37724291322374e-05
1.30867631189259e-05,2.69039996847534e-06,1.30867631189259e-05
3.33631530000754e-05,8.29769705774481e-06,3.33631529999938e-05
1.7964092384075e-05,4.88232603877283e-06,1.79640923840312e-05
5.74707971334924e-05,0,5.74707971334924e-05
6.79450499750888e-08,0,6.79450499750888e-08
1.9417503556883e-07,0,1.9417503556883e-07
2.98658592867984e-07,0,2.98658592867984e-07
3.42218855096214e-07,2.91504411571927e-08,3.42218855096214e-07
0,0,0
0.00136604196443272,0.000522586628098895,0.00136456384772467
1.54264385211439e-05,1.18412816571027e-05,1.49053739667351e-05
8.65158608879294e-05,5.00654101047917e-05,8.64751295716287e-05
0.000204839717522282,0.000117199476709512,0.000198309956141338
1.25321144644911e-05,1.10410879242832e-05,8.49923240046863e-06
0.00432655738048192,0.00029176927266869,0.00432655738045294
0.00273482413568595,0.00039200771672741,0.00273482413564871
0.00012866363855783,6.78023087921238e-05,0.000126492546109157
0.000400013238112826,0.000168776897137297,0.000399438537091781
0.000387141811566088,0.000130470126383242,0.00038622066308791
0.000604068523829306,0.000255962519656107,0.000603974127861457
8.0373023807066e-05,2.33467913151049e-05,8.03433594435742e-05
0.00064814923642362,0.000252032430504692,0.000647213226480379
0.000724728209768824,0.000239045237833454,0.000724440140886846
0.00301696124440623,0.000551310611553175,0.00301696033840824
0.00114789985412726,0.000251197774953968,0.00114785937366347
0.00011280388732054,3.10119609002648e-05,0.000112802979981581
0.000904730380052449,0.000167358935762229,0.000904502433411977
0.000854600349397833,0.000117984220302321,0.000854596692992646
0.00186903645749297,0.000189009282503742,0.00186903645748205
9.06460443695168e-05,2.51378179918591e-05,9.06451270224547e-05
0.000967107425503798,0.000134542236759804,0.000967107072679311
0.00109961991050955,0.000692177203798045,0.00108489312073856
0.000449070832121847,0.000132711512062101,0.000448538506880835
0.00747604182759314,0.000468403648774815,0.00747603618105483
0.0105165590113174,0.000680627119494273,0.0105165590112381
0.00219563423337252,0.000497693548051609,0.00219563236095491
0.00014324087964036,7.40784054574162e-05,0.000135448031157898
0.000239015012305497,6.80331973383832e-05,0.000234822051937709
0.000378330110315283,0.000216247503645309,0.000373167701796631
8.37935681845428e-05,4.39188127757589e-05,8.30394391128638e-05
0.00240393867695847,5.57390249883594e-05,0.00240393867693266
0.000224341932945583,4.19117014223521e-05,0.000224341932944636
0.000320830088893335,7.58865887193136e-05,0.000320829821560748
0.000168795851685503,9.49133663965694e-05,0.000168760789757184
0.00109812775716952,0.000341654664849262,0.00109812775711659
0.00133721156100412,0.000190364611066064,0.0013372115610041
0.00148989324881411,0.000292528428888139,0.00148989324877082
0.00104934967829647,0.000245570590009922,0.00104934967807965
0.00305012861480792,7.45867895167375e-05,0.00305012861469207
0.000103701770009279,1.97007625063635e-05,0.000103701769994746
0.000911547534881617,2.42697473780462e-05,0.000911547534881616
0.000140662817526057,2.23593309000469e-05,0.000140662817526043
0.000423582014268716,1.8047126135539e-05,0.000423582014268716
0,0,0
0.00044716344319528,0.000121365089044513,0.000447163443192689
9.04232248492608e-05,2.41356266286569e-05,8.99511147726896e-05
1.52086992350774e-05,9.08698665104577e-06,1.52086098668245e-05
3.10220842144593e-05,2.11921477029624e-05,3.08165227515665e-05
2.08047101896135e-05,1.75017573371299e-05,1.44869832396465e-05
0.00111080670031565,0.000158351084569641,0.00111080670029475
0.000576117272850192,0.000229110221946789,0.000576051736638723
2.95755776146703e-05,1.96210704923394e-05,2.94006298158256e-05
0.000330304351162034,0.000152491867029025,0.000330037993859878
0.00116835804227234,0.000525101074275969,0.00114995900914725
0.00309688515385348,0.00137988534534218,0.00307206479337842
5.29099882071802e-05,2.65662310833386e-05,5.28951795692637e-05
0.000772686833288203,0.000334737991558645,0.000758457187278622
0.00042247061731156,0.000193695553391656,0.000414744565206811
0.00228547588184347,0.000882810803235378,0.00227038143046361
0.00146889463378668,0.000481750435296686,0.00146409681268774
0.0114295081800219,0.00399107270701923,0.0113646424648302
0.000819562323316053,0.000249480176425759,0.000819282155929799
0.00156164305243034,0.000247604373892131,0.00156084152538997
0.000394327444340957,9.55956453960861e-05,0.000394327444338604
0.000362097349816867,0.00011423312557542,0.000354453761815122
0.000393623412524068,7.93444755448065e-05,0.000393623412524068
0.000759683980005448,0.00034967941287737,0.000747862970177044
0.000201282831434469,0.000165626802060397,0.000152770335578325
0.00237342527023056,0.000145904909180984,0.00237342526195743
0.00464070846207066,0.00100410235201989,0.00464070846048219
0.000424856565770494,0.000133113873242827,0.000424843120596319
0.000210674795029309,0.000140015167363153,0.000174793463679367
0.000340979605447221,0.000102320144416972,0.000318330257367006
0.000249291899380711,0.000119503852213003,0.000246044425872962
4.51798331783209e-05,2.28259914418933e-05,4.51694438468487e-05
0.00129049942156691,0.000103112644929343,0.00129049942126495
0.000226617990345023,8.05565842271532e-05,0.000226616869996327
0.000233349680444149,0.000117521299650765,0.000227833145877286
0.000152309610319965,4.91006197754869e-05,0.000152309583103378
0.000970914522462167,0.000412224982216044,0.000970914382451676
0.00146383316284993,0.000131317677600645,0.00146383316284976
0.000779340889440957,0.000247587291898822,0.000779339318399423
0.000216708870443451,0.000139676439106443,0.000216698944178537
0.000945464732071968,5.74852928796453e-05,0.000945464731962206
0.000208055152172417,2.14312386667319e-05,0.000207979244649272
0.000608185314386384,9.55889695415965e-06,0.000608185314384389
0.000113190582687144,2.48695004507606e-05,0.000113187440903961
0.000512312220676914,3.99149198752102e-05,0.000512312220676865
0,0,0
0.00150696551882207,0.000289274461463961,0.00150696551865277
3.55184154750102e-06,1.79558943327024e-06,3.53698763892834e-06
0.000123346607764421,6.1543095675606e-05,0.000123343987178919
0.000187774561217773,7.60869700268965e-05,0.000185373764353136
7.23814592423045e-05,4.0540926237851e-05,6.99919596016549e-05
0.00247219736488817,5.29341084862791e-05,0.00247219736486839
1.83889234177058e-05,4.64427912929257e-06,1.83889234177058e-05
4.93972919295836e-05,2.33870571767669e-05,4.9219843225589e-05
6.30399414110592e-05,2.73927532536563e-05,6.29864306884748e-05
0.00010097456919565,3.15482723964634e-05,0.000100974564835082
0.000106642120966188,3.27581252399165e-05,0.000106642120963305
2.87753142445547e-05,6.80918899224469e-06,2.87750767878185e-05
6.48072231231405e-05,2.96296016682721e-05,6.47800878976668e-05
0.000185743938083699,6.18739775433173e-05,0.000185743927263077
0.000778613742908902,0.000164117108399099,0.000778607670614875
0.000109469241718809,3.30452759991637e-05,0.000109469241713812
1.09306173105495e-05,6.66435698508354e-06,1.09279803329639e-05
2.78860906250819e-05,7.46979301636696e-06,2.78860562740694e-05
8.01032332895783e-05,2.8426025974205e-05,8.0103232907743e-05
3.08515837028696e-05,6.34208124464522e-06,3.08515837028673e-05
3.18892890845109e-05,1.37303805385625e-05,3.18892840994784e-05
0.000111863608596135,2.30756397889418e-05,0.000111863571639955
0.000733668623394674,0.00014381275026353,0.000733668623380321
5.25300017997123e-05,1.10023614496081e-05,5.25214100248409e-05
0.000866204189780222,0.000196819882789586,0.00086620418978012
0.00189478746584066,0.000256300429752726,0.00189478746583914
0.000567758076659715,8.88952090802587e-05,0.000567758076554309
4.00746619033514e-05,1.4546408624649e-05,3.92483160016395e-05
4.79351156545869e-05,1.21913984344384e-05,4.79299410237146e-05
0.00017698009385524,5.34953658603438e-05,0.000176979993609315
2.80736310617699e-06,1.62337371486767e-06,2.80700225022618e-06
3.95443478512043e-05,2.52562118722753e-06,3.9544347851024e-05
3.23078146069483e-05,1.34574447834894e-05,3.23078127913396e-05
3.02559176606841e-05,1.35876898997606e-05,3.01755917835588e-05
0.000154701241997093,9.42825133275088e-05,0.000154249098564235
0.000110670737060042,7.42004480741918e-05,0.000110670727432618
0.000279835606484479,8.28156629277469e-05,0.000279835606484479
0.00044778841131045,0.000107952346325543,0.000447788411290244
0.000103868875006667,3.65291780701103e-05,0.000103868806236453
0.000380778057822687,1.99844761027139e-05,0.000380778057821329
0.00011982266400851,4.5763111422949e-06,0.00011982266400851
0.000299028458937268,1.34910849897911e-05,0.000299028458937268
1.21483516216132e-05,3.10190322041281e-06,1.2148347169272e-05
2.41052819766875e-05,3.28038113621348e-06,2.41052819766875e-05
0,0,0
0.0251620711913047,0.00529267338091837,0.0251554241441218
7.3117953329472e-05,5.94097377207956e-05,5.95023174437454e-05
0.00889622792933925,0.00491240856351717,0.00795299608044223
0.00292799933900335,0.0024898015985967,0.00177605886316996
0.00199547940267383,0.00161975866668715,0.000795767502494487
0.0785108148411089,0.0052000147296732,0.0785108148161924
0.0011236222412191,0.000298446915441507,0.001121562343436
0.00397118717239398,0.00237834581038963,0.00317473549496691
0.00807458237365445,0.00431918023289378,0.00661557652378652
0.0180165263197785,0.00825312927850687,0.0160226042712107
0.015470292768023,0.0104806081579048,0.012495295137576
0.00406623955115033,0.0010400500261472,0.00400456579217329
0.00806521458890748,0.00506078420126092,0.0067227940563713
0.00508033573769157,0.00339856487529135,0.0040694344236622
0.0062078272075619,0.00353295710691108,0.00584916446406849
0.0136827121239839,0.00901981057890255,0.010581739089565
0.00555762971539317,0.0039825625148395,0.00482579284840144
0.00321219526662985,0.00216559931468656,0.00268960442920658
0.0120854308597692,0.00433746404128647,0.0114775169368624
0.0444382394152478,0.00436025784238986,0.0444102053402888
0.00804530826069093,0.00536292776548688,0.00505306206068994
0.00481405024933552,0.00112465123257788,0.0048132705484866
0.0240226194192323,0.0173584797211595,0.0188300133344333
0.00920349748150232,0.00819064686736585,0.00308388408524677
0.127596635657957,0.00721386774597381,0.127596635197518
0.335535103416507,0.019048486243433,0.335535103025361
0.0225630279296136,0.0158408371542533,0.0164499830784379
0.00163537548058368,0.00107262381475135,0.000991095371744109
0.00422588516782748,0.00306884255153623,0.00247983725576394
0.0147386798500834,0.0112615704873835,0.00923372920700448
0.019916938890633,0.0194588825370611,0.00424005271040303
0.0777135774271354,0.0110583941823265,0.0764067449331768
0.0162841018637901,0.0048390696153183,0.0161102127537084
0.0528708841481375,0.051494646630292,0.0157458956519264
0.0542308669345154,0.0497082055960908,0.028089715144441
0.136426162230134,0.0719165408403091,0.125528932838076
0.247602886508804,0.0171192319446524,0.247602886209567
0.185414455117875,0.076351988753952,0.183352497368322
0.097170724698169,0.0582590273560624,0.0837996451678466
0.327823709325167,0.0184036590796557,0.327759176732245
0.0643135453922373,0.000844541431076798,0.0643114433123271
0.195177288449839,0.00072950184575482,0.195177288449043
0.00392183555760285,0.000979923369299955,0.0036989798454557
0.0216607531359428,0.000921443429633672,0.0215975517118293
0,0,0
0.00388807875310123,0.000891371802862673,0.00388697520925034
0.00127604599822759,0.000363993684181867,0.00124846734805466
0.0020431390457997,0.000537657424316461,0.00203927697643662
7.67854614323287e-05,4.00808423434182e-05,7.66298304630666e-05
2.07298100679869e-05,1.17911508359372e-05,1.9156095636707e-05
0.00493460190212714,0.000843526821631351,0.00493460190104613
0.00286696694346833,0.000532053552948886,0.00286614292125479
0.000327789137107114,0.000133334362147041,0.000324418512012741
0.000325537964368822,0.000148529090288368,0.000324959700432135
0.000814041188940254,0.000296098540392194,0.00081031621779541
0.000750713860057241,0.000277393647803029,0.000749199493055782
0.000113611959652357,4.26266032125378e-05,0.000113611234075088
0.000688041899464398,0.000282076103041196,0.000677526456957303
0.00063286227350222,0.000255203215109652,0.000625611522538537
0.000422392318012961,0.00020650111751198,0.000421575611032757
0.000848959568597597,0.000274788607192473,0.000845558207877707
0.0023299448974751,0.000450422864080117,0.00232982380022342
0.000880956442851569,0.000255799800311633,0.000879683048878462
0.000225723958234328,7.26267352941476e-05,0.000225565430277463
0.000310731801280243,7.09950545437187e-05,0.000310731800243555
0.000157348964829419,2.50275984730018e-05,0.000157348954620705
0.00130830118897206,0.000179402016015129,0.00130810183673313
0.000281791951231457,0.00013331130976039,0.00027926423480617
4.19635662996641e-05,2.19163023546232e-05,3.93984042297694e-05
0.00253537349915316,9.3191963192284e-05,0.0025353734991218
0.00381620148539203,0.000325137279534683,0.00381620148528963
0.00044795671613727,0.000122678918458553,0.000447338311705636
0.000174335343347789,5.11965865941946e-05,0.000170504581851578
0.000143047709814522,3.62478213864379e-05,0.000140634505581519
0.000176250718164836,8.51414195730887e-05,0.000174728511743801
9.62997558099351e-06,7.4763613775976e-06,9.51686743113565e-06
0.00117203937420481,6.28350493202209e-05,0.00117186544388421
5.49545362989498e-05,1.58840528093633e-05,5.49545362988192e-05
0.000246678282171027,4.69576738430286e-05,0.000246539706512699
8.40221675032711e-05,2.09822671018955e-05,8.40221675015827e-05
0.000636344873548299,0.000190490549466253,0.000636344873522175
0.00148879739122882,4.17140990734303e-05,0.00148879739122882
0.000707474962534057,9.24028509431552e-05,0.000707474962526792
0.000109699447022415,3.09815023855986e-05,0.000109699446995041
0.000647037795918175,1.02817166665895e-05,0.000647037795915786
0.000486718942546094,8.61191841461307e-06,0.000486718942546094
0.000257407643832529,1.57296678869822e-06,0.000257407643832528
6.06752272339834e-05,6.60571152289937e-06,6.06748459548231e-05
8.15048033780311e-05,5.72268636425682e-06,8.15048033780311e-05
0,0,0
0.00160778449319828,0.000187961879021462,0.00160778449316835
1.04376949638842e-05,7.20712918078602e-06,1.03520243156912e-05
0.000551805103097509,0.00014213197998813,0.000550142732988816
0.00279509055663857,0.00071333289247834,0.00272842339796875
1.63759522463884e-05,1.1175231104709e-05,1.49048416271144e-05
0.00174472606954734,0.000130215461448791,0.00174472606953922
7.92980953251455e-05,2.15690395073402e-05,7.92980584521662e-05
5.16715197947993e-05,2.51419199903984e-05,5.15154246313089e-05
0.000137135911178003,7.75715179617939e-05,0.000136602455585813
0.000768774051493517,0.000257100275013679,0.000768770321607747
0.000381709811688293,0.000132336646108927,0.000381697279006849
4.28927422812556e-05,1.07939277392698e-05,4.28894725849332e-05
0.000125467888839466,3.87041574073267e-05,0.000125466158104319
0.000114415161921289,4.77406835882557e-05,0.000114362360004654
0.000552269391497925,0.000176153829404023,0.000552269390780963
0.000229468435883125,7.30071924350572e-05,0.000229433338983193
4.01123292139764e-05,1.05681055291444e-05,4.01123271437495e-05
9.93678000926441e-05,2.91438096585421e-05,9.93656155713575e-05
0.000251095021654041,5.66048782625582e-05,0.000251094432190601
0.000880583734816351,9.86962431399994e-05,0.000880583734812204
2.27105036526872e-05,6.18932735107409e-06,2.26908949122907e-05
8.2675157322368e-05,2.16631657406345e-05,8.26744767878171e-05
0.000475236582916752,0.000138911287691375,0.000475231188575725
0.000225596229672772,2.94894412738913e-05,0.000225595112738622
0.0013126027552897,8.50959280194108e-05,0.00131260275528711
0.00225121000859246,0.000322420173596005,0.00225121000857242
0.000591199757469295,0.000145971594964462,0.00059119032161938
4.65789409794285e-06,1.36813127402208e-06,4.65495912883229e-06
0.000126559292440207,3.10206651651033e-05,0.000126524388969998
0.000557633189306605,0.000136457062142511,0.000557612397933752
3.32583133731281e-05,1.74997938591517e-05,3.32575701864678e-05
0.000440324491533211,2.30283661658819e-05,0.000440324491531352
8.99046868578961e-05,2.13940640191715e-05,8.9904481937224e-05
0.000694574485548242,0.000163326567019414,0.000694551935469218
0.000428709803854616,8.93264640165178e-05,0.000428360879481694
0.00112752380222973,0.00027276157006462,0.00112752380222065
0.000919850800035408,0.000123527837346203,0.000919850800035405
0.00111320267237604,0.000188328349340994,0.00111320267234114
0.000979831246540208,0.000212708790743158,0.000979831246527083
0.00148788387584204,8.84340389863919e-05,0.00148788387583136
0.000478442464086756,2.98393041522829e-05,0.000478442464086737
0.000735618328274503,2.69861773960208e-05,0.000735618328274503
0.000110678241845119,5.20723901338476e-06,0.000110678241845113
4.57217972496461e-05,1.47478118371305e-05,4.57217972496461e-05
0,0,0
0.0376221780235395,0.00840307907957994,0.0376221690699498
0.00119663085747591,0.000777291564960452,0.000918740327860818
0.0775104154557792,0.0539526634001804,0.0512953115632956
0.0155749961853725,0.0149080159879787,0.00440713795602452
0.0541126605117093,0.0540056579874988,0.00218059363720791
0.0445450859031088,0.00396976451526834,0.0445450858915004
0.00819673643820674,0.00129434493250394,0.0081962026259159
0.0010589461186025,0.000672269137402,0.000868860979852013
0.00185804570032979,0.000791369786157356,0.00177611489988508
0.013604318588537,0.0101729805659016,0.0099633946975086
0.00928341970487401,0.00416558455450187,0.00910890721772485
0.00148579223045988,0.000522634686940236,0.00145902432511943
0.00255735609099042,0.00113925300635006,0.0024466615417142
0.00517151684069829,0.00390600956734364,0.00334608727773757
0.0109122929992619,0.00354779170002319,0.0109023876505914
0.00334284280153221,0.00127005148110439,0.00325210144957816
0.00143546759049896,0.000346752957607912,0.00143511830861036
0.00186446426217472,0.000749388454734851,0.00180577615452484
0.0035405849623753,0.000823521436768705,0.00353448139841245
0.00336160258254924,0.00101350946495198,0.00334979993322461
0.000892158094371585,0.000159823027190422,0.000892155542359462
0.00320779345821074,0.000658881440180864,0.00320693725108633
0.0106079185387879,0.00852789152528965,0.00804401847773122
0.00413690316751261,0.0038421025813842,0.0012914753908431
0.0616678710828666,0.00589710096397252,0.0616678708420077
0.0811577158329632,0.00525344786942546,0.081157715779949
0.0292482598347282,0.0112326916380364,0.0286534462964104
0.00418841089102218,0.00351839610271653,0.00184694456467114
0.00366817625773747,0.00218410412780978,0.0029601687539368
0.00286376269566598,0.00166551851930329,0.00252620670785191
0.000554059055642677,0.000463267685101011,0.000348573831629422
0.0174250336951034,0.00186085513219443,0.0174250336232534
0.00198584403721082,0.00046497277372656,0.00198584401944027
0.00775898322880237,0.0038030424480849,0.00724856218234479
0.000891549583960406,0.000522195124952396,0.000861822625041076
0.0251221403339526,0.00327568952826132,0.0251221402976804
0.0498569290019964,0.00158285700469713,0.0498569290019232
0.0101486189117189,0.00184753900330488,0.0101485970947528
0.00382350885199143,0.00146003167842474,0.00382297632553306
0.0450245886576906,0.00469180109960268,0.0449810354848077
0.0182941488293002,0.000688387562101393,0.0182941488281044
0.0152995441914592,0.000825293231749847,0.0152995441894448
0.00121538327709774,0.0002393955193487,0.0011931371237998
0.00754753871638251,0.000490536128559772,0.00754753871635371
0,0,0
